--
-- PostgreSQL database dump
--

-- Dumped from database version 16.6 (Ubuntu 16.6-1.pgdg22.04+1)
-- Dumped by pg_dump version 17.2 (Ubuntu 17.2-1.pgdg22.04+1)

-- Started on 2025-01-23 10:28:07 GMT

SET statement_timeout = 0;
SET lock_timeout = 0;
SET idle_in_transaction_session_timeout = 0;
SET transaction_timeout = 0;
SET client_encoding = 'UTF8';
SET standard_conforming_strings = on;
SELECT pg_catalog.set_config('search_path', '', false);
SET check_function_bodies = false;
SET xmloption = content;
SET client_min_messages = warning;
SET row_security = off;

--
-- TOC entry 325 (class 1255 OID 75926)
-- Name: log_user_activity(); Type: FUNCTION; Schema: public; Owner: admin
--

CREATE FUNCTION public.log_user_activity() RETURNS trigger
    LANGUAGE plpgsql
    AS $$
BEGIN
    INSERT INTO public.user_activity_log (table_name, operation_type, record_id)
    VALUES (TG_TABLE_NAME, TG_OP, NEW.id);
    RETURN NEW;
END;
$$;


ALTER FUNCTION public.log_user_activity() OWNER TO admin;

SET default_tablespace = '';

SET default_table_access_method = heap;

--
-- TOC entry 216 (class 1259 OID 58085)
-- Name: region_and_country_codes; Type: TABLE; Schema: public; Owner: admin
--

CREATE TABLE public.region_and_country_codes (
    id integer NOT NULL,
    name character varying NOT NULL,
    code character varying NOT NULL
);


ALTER TABLE public.region_and_country_codes OWNER TO admin;

--
-- TOC entry 215 (class 1259 OID 58084)
-- Name: Regions_id_seq; Type: SEQUENCE; Schema: public; Owner: admin
--

ALTER TABLE public.region_and_country_codes ALTER COLUMN id ADD GENERATED ALWAYS AS IDENTITY (
    SEQUENCE NAME public."Regions_id_seq"
    START WITH 1
    INCREMENT BY 1
    NO MINVALUE
    NO MAXVALUE
    CACHE 1
);


--
-- TOC entry 228 (class 1259 OID 66336)
-- Name: activity_abroad_codes; Type: TABLE; Schema: public; Owner: admin
--

CREATE TABLE public.activity_abroad_codes (
    id integer NOT NULL,
    description character varying NOT NULL,
    code character varying NOT NULL
);


ALTER TABLE public.activity_abroad_codes OWNER TO admin;

--
-- TOC entry 227 (class 1259 OID 66335)
-- Name: activity_abroad_codes_id_seq; Type: SEQUENCE; Schema: public; Owner: admin
--

ALTER TABLE public.activity_abroad_codes ALTER COLUMN id ADD GENERATED ALWAYS AS IDENTITY (
    SEQUENCE NAME public.activity_abroad_codes_id_seq
    START WITH 1
    INCREMENT BY 1
    NO MINVALUE
    NO MAXVALUE
    CACHE 1
);


--
-- TOC entry 298 (class 1259 OID 75751)
-- Name: auth_group; Type: TABLE; Schema: public; Owner: admin
--

CREATE TABLE public.auth_group (
    id integer NOT NULL,
    name character varying(150) NOT NULL
);


ALTER TABLE public.auth_group OWNER TO admin;

--
-- TOC entry 297 (class 1259 OID 75750)
-- Name: auth_group_id_seq; Type: SEQUENCE; Schema: public; Owner: admin
--

ALTER TABLE public.auth_group ALTER COLUMN id ADD GENERATED BY DEFAULT AS IDENTITY (
    SEQUENCE NAME public.auth_group_id_seq
    START WITH 1
    INCREMENT BY 1
    NO MINVALUE
    NO MAXVALUE
    CACHE 1
);


--
-- TOC entry 300 (class 1259 OID 75759)
-- Name: auth_group_permissions; Type: TABLE; Schema: public; Owner: admin
--

CREATE TABLE public.auth_group_permissions (
    id bigint NOT NULL,
    group_id integer NOT NULL,
    permission_id integer NOT NULL
);


ALTER TABLE public.auth_group_permissions OWNER TO admin;

--
-- TOC entry 299 (class 1259 OID 75758)
-- Name: auth_group_permissions_id_seq; Type: SEQUENCE; Schema: public; Owner: admin
--

ALTER TABLE public.auth_group_permissions ALTER COLUMN id ADD GENERATED BY DEFAULT AS IDENTITY (
    SEQUENCE NAME public.auth_group_permissions_id_seq
    START WITH 1
    INCREMENT BY 1
    NO MINVALUE
    NO MAXVALUE
    CACHE 1
);


--
-- TOC entry 296 (class 1259 OID 75745)
-- Name: auth_permission; Type: TABLE; Schema: public; Owner: admin
--

CREATE TABLE public.auth_permission (
    id integer NOT NULL,
    name character varying(255) NOT NULL,
    content_type_id integer NOT NULL,
    codename character varying(100) NOT NULL
);


ALTER TABLE public.auth_permission OWNER TO admin;

--
-- TOC entry 295 (class 1259 OID 75744)
-- Name: auth_permission_id_seq; Type: SEQUENCE; Schema: public; Owner: admin
--

ALTER TABLE public.auth_permission ALTER COLUMN id ADD GENERATED BY DEFAULT AS IDENTITY (
    SEQUENCE NAME public.auth_permission_id_seq
    START WITH 1
    INCREMENT BY 1
    NO MINVALUE
    NO MAXVALUE
    CACHE 1
);


--
-- TOC entry 302 (class 1259 OID 75765)
-- Name: auth_user; Type: TABLE; Schema: public; Owner: admin
--

CREATE TABLE public.auth_user (
    id integer NOT NULL,
    password character varying(128) NOT NULL,
    last_login timestamp with time zone,
    is_superuser boolean NOT NULL,
    username character varying(150) NOT NULL,
    first_name character varying(150) NOT NULL,
    last_name character varying(150) NOT NULL,
    email character varying(254) NOT NULL,
    is_staff boolean NOT NULL,
    is_active boolean NOT NULL,
    date_joined timestamp with time zone NOT NULL
);


ALTER TABLE public.auth_user OWNER TO admin;

--
-- TOC entry 304 (class 1259 OID 75773)
-- Name: auth_user_groups; Type: TABLE; Schema: public; Owner: admin
--

CREATE TABLE public.auth_user_groups (
    id bigint NOT NULL,
    user_id integer NOT NULL,
    group_id integer NOT NULL
);


ALTER TABLE public.auth_user_groups OWNER TO admin;

--
-- TOC entry 303 (class 1259 OID 75772)
-- Name: auth_user_groups_id_seq; Type: SEQUENCE; Schema: public; Owner: admin
--

ALTER TABLE public.auth_user_groups ALTER COLUMN id ADD GENERATED BY DEFAULT AS IDENTITY (
    SEQUENCE NAME public.auth_user_groups_id_seq
    START WITH 1
    INCREMENT BY 1
    NO MINVALUE
    NO MAXVALUE
    CACHE 1
);


--
-- TOC entry 301 (class 1259 OID 75764)
-- Name: auth_user_id_seq; Type: SEQUENCE; Schema: public; Owner: admin
--

ALTER TABLE public.auth_user ALTER COLUMN id ADD GENERATED BY DEFAULT AS IDENTITY (
    SEQUENCE NAME public.auth_user_id_seq
    START WITH 1
    INCREMENT BY 1
    NO MINVALUE
    NO MAXVALUE
    CACHE 1
);


--
-- TOC entry 306 (class 1259 OID 75779)
-- Name: auth_user_user_permissions; Type: TABLE; Schema: public; Owner: admin
--

CREATE TABLE public.auth_user_user_permissions (
    id bigint NOT NULL,
    user_id integer NOT NULL,
    permission_id integer NOT NULL
);


ALTER TABLE public.auth_user_user_permissions OWNER TO admin;

--
-- TOC entry 305 (class 1259 OID 75778)
-- Name: auth_user_user_permissions_id_seq; Type: SEQUENCE; Schema: public; Owner: admin
--

ALTER TABLE public.auth_user_user_permissions ALTER COLUMN id ADD GENERATED BY DEFAULT AS IDENTITY (
    SEQUENCE NAME public.auth_user_user_permissions_id_seq
    START WITH 1
    INCREMENT BY 1
    NO MINVALUE
    NO MAXVALUE
    CACHE 1
);


--
-- TOC entry 258 (class 1259 OID 74706)
-- Name: bathing_facilities; Type: TABLE; Schema: public; Owner: admin
--

CREATE TABLE public.bathing_facilities (
    id integer NOT NULL,
    description character varying NOT NULL,
    code character varying NOT NULL
);


ALTER TABLE public.bathing_facilities OWNER TO admin;

--
-- TOC entry 257 (class 1259 OID 74705)
-- Name: bathing_facilities_id_seq; Type: SEQUENCE; Schema: public; Owner: admin
--

ALTER TABLE public.bathing_facilities ALTER COLUMN id ADD GENERATED ALWAYS AS IDENTITY (
    SEQUENCE NAME public.bathing_facilities_id_seq
    START WITH 1
    INCREMENT BY 1
    NO MINVALUE
    NO MAXVALUE
    CACHE 1
);


--
-- TOC entry 254 (class 1259 OID 74686)
-- Name: cooking_fuel; Type: TABLE; Schema: public; Owner: admin
--

CREATE TABLE public.cooking_fuel (
    id integer NOT NULL,
    description character varying NOT NULL,
    code character varying NOT NULL
);


ALTER TABLE public.cooking_fuel OWNER TO admin;

--
-- TOC entry 253 (class 1259 OID 74685)
-- Name: cooking_fuel_id_seq; Type: SEQUENCE; Schema: public; Owner: admin
--

ALTER TABLE public.cooking_fuel ALTER COLUMN id ADD GENERATED ALWAYS AS IDENTITY (
    SEQUENCE NAME public.cooking_fuel_id_seq
    START WITH 1
    INCREMENT BY 1
    NO MINVALUE
    NO MAXVALUE
    CACHE 1
);


--
-- TOC entry 256 (class 1259 OID 74696)
-- Name: cooking_space; Type: TABLE; Schema: public; Owner: admin
--

CREATE TABLE public.cooking_space (
    id integer NOT NULL,
    description character varying NOT NULL,
    code character varying NOT NULL
);


ALTER TABLE public.cooking_space OWNER TO admin;

--
-- TOC entry 255 (class 1259 OID 74695)
-- Name: cooking_space_id_seq; Type: SEQUENCE; Schema: public; Owner: admin
--

ALTER TABLE public.cooking_space ALTER COLUMN id ADD GENERATED ALWAYS AS IDENTITY (
    SEQUENCE NAME public.cooking_space_id_seq
    START WITH 1
    INCREMENT BY 1
    NO MINVALUE
    NO MAXVALUE
    CACHE 1
);


--
-- TOC entry 286 (class 1259 OID 75674)
-- Name: crop_type; Type: TABLE; Schema: public; Owner: admin
--

CREATE TABLE public.crop_type (
    id integer NOT NULL,
    description character varying NOT NULL,
    code character varying NOT NULL
);


ALTER TABLE public.crop_type OWNER TO admin;

--
-- TOC entry 285 (class 1259 OID 75673)
-- Name: crop_type_id_seq; Type: SEQUENCE; Schema: public; Owner: admin
--

ALTER TABLE public.crop_type ALTER COLUMN id ADD GENERATED ALWAYS AS IDENTITY (
    SEQUENCE NAME public.crop_type_id_seq
    START WITH 1
    INCREMENT BY 1
    NO MINVALUE
    NO MAXVALUE
    CACHE 1
);


--
-- TOC entry 218 (class 1259 OID 58093)
-- Name: district_types; Type: TABLE; Schema: public; Owner: admin
--

CREATE TABLE public.district_types (
    id integer NOT NULL,
    type character varying NOT NULL
);


ALTER TABLE public.district_types OWNER TO admin;

--
-- TOC entry 217 (class 1259 OID 58092)
-- Name: district_types_id_seq; Type: SEQUENCE; Schema: public; Owner: admin
--

ALTER TABLE public.district_types ALTER COLUMN id ADD GENERATED ALWAYS AS IDENTITY (
    SEQUENCE NAME public.district_types_id_seq
    START WITH 1
    INCREMENT BY 1
    NO MINVALUE
    NO MAXVALUE
    CACHE 1
);


--
-- TOC entry 220 (class 1259 OID 58111)
-- Name: districts; Type: TABLE; Schema: public; Owner: admin
--

CREATE TABLE public.districts (
    id integer NOT NULL,
    district_type_id integer NOT NULL,
    name character varying NOT NULL
);


ALTER TABLE public.districts OWNER TO admin;

--
-- TOC entry 219 (class 1259 OID 58110)
-- Name: districts_id_seq; Type: SEQUENCE; Schema: public; Owner: admin
--

ALTER TABLE public.districts ALTER COLUMN id ADD GENERATED ALWAYS AS IDENTITY (
    SEQUENCE NAME public.districts_id_seq
    START WITH 1
    INCREMENT BY 1
    NO MINVALUE
    NO MAXVALUE
    CACHE 1
);


--
-- TOC entry 308 (class 1259 OID 75837)
-- Name: django_admin_log; Type: TABLE; Schema: public; Owner: admin
--

CREATE TABLE public.django_admin_log (
    id integer NOT NULL,
    action_time timestamp with time zone NOT NULL,
    object_id text,
    object_repr character varying(200) NOT NULL,
    action_flag smallint NOT NULL,
    change_message text NOT NULL,
    content_type_id integer,
    user_id integer NOT NULL,
    CONSTRAINT django_admin_log_action_flag_check CHECK ((action_flag >= 0))
);


ALTER TABLE public.django_admin_log OWNER TO admin;

--
-- TOC entry 307 (class 1259 OID 75836)
-- Name: django_admin_log_id_seq; Type: SEQUENCE; Schema: public; Owner: admin
--

ALTER TABLE public.django_admin_log ALTER COLUMN id ADD GENERATED BY DEFAULT AS IDENTITY (
    SEQUENCE NAME public.django_admin_log_id_seq
    START WITH 1
    INCREMENT BY 1
    NO MINVALUE
    NO MAXVALUE
    CACHE 1
);


--
-- TOC entry 294 (class 1259 OID 75737)
-- Name: django_content_type; Type: TABLE; Schema: public; Owner: admin
--

CREATE TABLE public.django_content_type (
    id integer NOT NULL,
    app_label character varying(100) NOT NULL,
    model character varying(100) NOT NULL
);


ALTER TABLE public.django_content_type OWNER TO admin;

--
-- TOC entry 293 (class 1259 OID 75736)
-- Name: django_content_type_id_seq; Type: SEQUENCE; Schema: public; Owner: admin
--

ALTER TABLE public.django_content_type ALTER COLUMN id ADD GENERATED BY DEFAULT AS IDENTITY (
    SEQUENCE NAME public.django_content_type_id_seq
    START WITH 1
    INCREMENT BY 1
    NO MINVALUE
    NO MAXVALUE
    CACHE 1
);


--
-- TOC entry 292 (class 1259 OID 75729)
-- Name: django_migrations; Type: TABLE; Schema: public; Owner: admin
--

CREATE TABLE public.django_migrations (
    id bigint NOT NULL,
    app character varying(255) NOT NULL,
    name character varying(255) NOT NULL,
    applied timestamp with time zone NOT NULL
);


ALTER TABLE public.django_migrations OWNER TO admin;

--
-- TOC entry 291 (class 1259 OID 75728)
-- Name: django_migrations_id_seq; Type: SEQUENCE; Schema: public; Owner: admin
--

ALTER TABLE public.django_migrations ALTER COLUMN id ADD GENERATED BY DEFAULT AS IDENTITY (
    SEQUENCE NAME public.django_migrations_id_seq
    START WITH 1
    INCREMENT BY 1
    NO MINVALUE
    NO MAXVALUE
    CACHE 1
);


--
-- TOC entry 309 (class 1259 OID 75865)
-- Name: django_session; Type: TABLE; Schema: public; Owner: admin
--

CREATE TABLE public.django_session (
    session_key character varying(40) NOT NULL,
    session_data text NOT NULL,
    expire_date timestamp with time zone NOT NULL
);


ALTER TABLE public.django_session OWNER TO admin;

--
-- TOC entry 274 (class 1259 OID 74791)
-- Name: dwelling_type; Type: TABLE; Schema: public; Owner: admin
--

CREATE TABLE public.dwelling_type (
    id integer NOT NULL,
    description character varying NOT NULL,
    code character varying NOT NULL
);


ALTER TABLE public.dwelling_type OWNER TO admin;

--
-- TOC entry 273 (class 1259 OID 74790)
-- Name: dwelling_type_id_seq; Type: SEQUENCE; Schema: public; Owner: admin
--

ALTER TABLE public.dwelling_type ALTER COLUMN id ADD GENERATED ALWAYS AS IDENTITY (
    SEQUENCE NAME public.dwelling_type_id_seq
    START WITH 1
    INCREMENT BY 1
    NO MINVALUE
    NO MAXVALUE
    CACHE 1
);


--
-- TOC entry 238 (class 1259 OID 74589)
-- Name: employment_sector; Type: TABLE; Schema: public; Owner: admin
--

CREATE TABLE public.employment_sector (
    id integer NOT NULL,
    description character varying NOT NULL,
    code character varying NOT NULL
);


ALTER TABLE public.employment_sector OWNER TO admin;

--
-- TOC entry 237 (class 1259 OID 74588)
-- Name: employment_sector_id_seq; Type: SEQUENCE; Schema: public; Owner: admin
--

ALTER TABLE public.employment_sector ALTER COLUMN id ADD GENERATED ALWAYS AS IDENTITY (
    SEQUENCE NAME public.employment_sector_id_seq
    START WITH 1
    INCREMENT BY 1
    NO MINVALUE
    NO MAXVALUE
    CACHE 1
);


--
-- TOC entry 236 (class 1259 OID 74581)
-- Name: employment_status; Type: TABLE; Schema: public; Owner: admin
--

CREATE TABLE public.employment_status (
    id integer NOT NULL,
    description character varying NOT NULL,
    code character varying NOT NULL
);


ALTER TABLE public.employment_status OWNER TO admin;

--
-- TOC entry 235 (class 1259 OID 74580)
-- Name: employment_status_id_seq; Type: SEQUENCE; Schema: public; Owner: admin
--

ALTER TABLE public.employment_status ALTER COLUMN id ADD GENERATED ALWAYS AS IDENTITY (
    SEQUENCE NAME public.employment_status_id_seq
    START WITH 1
    INCREMENT BY 1
    NO MINVALUE
    NO MAXVALUE
    CACHE 1
);


--
-- TOC entry 272 (class 1259 OID 74776)
-- Name: enumerator; Type: TABLE; Schema: public; Owner: admin
--

CREATE TABLE public.enumerator (
    id integer NOT NULL,
    supervisor_id integer NOT NULL,
    name character varying NOT NULL,
    phone integer NOT NULL
);


ALTER TABLE public.enumerator OWNER TO admin;

--
-- TOC entry 271 (class 1259 OID 74775)
-- Name: enumerator_id_seq; Type: SEQUENCE; Schema: public; Owner: admin
--

ALTER TABLE public.enumerator ALTER COLUMN id ADD GENERATED ALWAYS AS IDENTITY (
    SEQUENCE NAME public.enumerator_id_seq
    START WITH 1
    INCREMENT BY 1
    NO MINVALUE
    NO MAXVALUE
    CACHE 1
);


--
-- TOC entry 319 (class 1259 OID 75934)
-- Name: enumerator_partitioned; Type: TABLE; Schema: public; Owner: admin
--

CREATE TABLE public.enumerator_partitioned (
    id integer NOT NULL,
    supervisor_id integer NOT NULL,
    name character varying(255) NOT NULL,
    phone integer NOT NULL
)
PARTITION BY RANGE (supervisor_id);


ALTER TABLE public.enumerator_partitioned OWNER TO admin;

--
-- TOC entry 318 (class 1259 OID 75933)
-- Name: enumerator_partitioned_id_seq; Type: SEQUENCE; Schema: public; Owner: admin
--

CREATE SEQUENCE public.enumerator_partitioned_id_seq
    AS integer
    START WITH 1
    INCREMENT BY 1
    NO MINVALUE
    NO MAXVALUE
    CACHE 1;


ALTER SEQUENCE public.enumerator_partitioned_id_seq OWNER TO admin;

--
-- TOC entry 4152 (class 0 OID 0)
-- Dependencies: 318
-- Name: enumerator_partitioned_id_seq; Type: SEQUENCE OWNED BY; Schema: public; Owner: admin
--

ALTER SEQUENCE public.enumerator_partitioned_id_seq OWNED BY public.enumerator_partitioned.id;


--
-- TOC entry 320 (class 1259 OID 75940)
-- Name: enumerator_partition_1; Type: TABLE; Schema: public; Owner: admin
--

CREATE TABLE public.enumerator_partition_1 (
    id integer DEFAULT nextval('public.enumerator_partitioned_id_seq'::regclass) NOT NULL,
    supervisor_id integer NOT NULL,
    name character varying(255) NOT NULL,
    phone integer NOT NULL
);


ALTER TABLE public.enumerator_partition_1 OWNER TO admin;

--
-- TOC entry 321 (class 1259 OID 75946)
-- Name: enumerator_partition_2; Type: TABLE; Schema: public; Owner: admin
--

CREATE TABLE public.enumerator_partition_2 (
    id integer DEFAULT nextval('public.enumerator_partitioned_id_seq'::regclass) NOT NULL,
    supervisor_id integer NOT NULL,
    name character varying(255) NOT NULL,
    phone integer NOT NULL
);


ALTER TABLE public.enumerator_partition_2 OWNER TO admin;

--
-- TOC entry 322 (class 1259 OID 75952)
-- Name: enumerator_partition_3; Type: TABLE; Schema: public; Owner: admin
--

CREATE TABLE public.enumerator_partition_3 (
    id integer DEFAULT nextval('public.enumerator_partitioned_id_seq'::regclass) NOT NULL,
    supervisor_id integer NOT NULL,
    name character varying(255) NOT NULL,
    phone integer NOT NULL
);


ALTER TABLE public.enumerator_partition_3 OWNER TO admin;

--
-- TOC entry 324 (class 1259 OID 84096)
-- Name: ethnicity; Type: TABLE; Schema: public; Owner: admin
--

CREATE TABLE public.ethnicity (
    id integer NOT NULL,
    description character varying NOT NULL,
    code character varying NOT NULL
);


ALTER TABLE public.ethnicity OWNER TO admin;

--
-- TOC entry 323 (class 1259 OID 84095)
-- Name: ethnicity_id_seq; Type: SEQUENCE; Schema: public; Owner: admin
--

ALTER TABLE public.ethnicity ALTER COLUMN id ADD GENERATED ALWAYS AS IDENTITY (
    SEQUENCE NAME public.ethnicity_id_seq
    START WITH 1
    INCREMENT BY 1
    NO MINVALUE
    NO MAXVALUE
    CACHE 1
);


--
-- TOC entry 288 (class 1259 OID 75686)
-- Name: farm_measurement_unit; Type: TABLE; Schema: public; Owner: admin
--

CREATE TABLE public.farm_measurement_unit (
    id integer NOT NULL,
    description character varying NOT NULL,
    code character varying NOT NULL
);


ALTER TABLE public.farm_measurement_unit OWNER TO admin;

--
-- TOC entry 287 (class 1259 OID 75685)
-- Name: farm_measurement_unit_id_seq; Type: SEQUENCE; Schema: public; Owner: admin
--

ALTER TABLE public.farm_measurement_unit ALTER COLUMN id ADD GENERATED ALWAYS AS IDENTITY (
    SEQUENCE NAME public.farm_measurement_unit_id_seq
    START WITH 1
    INCREMENT BY 1
    NO MINVALUE
    NO MAXVALUE
    CACHE 1
);


--
-- TOC entry 244 (class 1259 OID 74613)
-- Name: floor; Type: TABLE; Schema: public; Owner: admin
--

CREATE TABLE public.floor (
    id integer NOT NULL,
    description character varying NOT NULL,
    code character varying NOT NULL
);


ALTER TABLE public.floor OWNER TO admin;

--
-- TOC entry 243 (class 1259 OID 74612)
-- Name: floor_id_seq; Type: SEQUENCE; Schema: public; Owner: admin
--

ALTER TABLE public.floor ALTER COLUMN id ADD GENERATED ALWAYS AS IDENTITY (
    SEQUENCE NAME public.floor_id_seq
    START WITH 1
    INCREMENT BY 1
    NO MINVALUE
    NO MAXVALUE
    CACHE 1
);


--
-- TOC entry 282 (class 1259 OID 75518)
-- Name: household_roster_absent; Type: TABLE; Schema: public; Owner: admin
--

CREATE TABLE public.household_roster_absent (
    id integer NOT NULL,
    fname character varying NOT NULL,
    relationship_type integer NOT NULL,
    sex character varying NOT NULL,
    status boolean DEFAULT false NOT NULL,
    months_absent integer NOT NULL,
    destination integer NOT NULL,
    questionaire_id integer NOT NULL,
    nationality_id integer NOT NULL,
    dob date NOT NULL,
    ethnicity_id integer NOT NULL,
    birth_place_id integer NOT NULL,
    religion_id integer NOT NULL,
    marital_status_id integer NOT NULL,
    language_literacy_id integer NOT NULL,
    schooling_level_id integer NOT NULL,
    employment_sector_id integer NOT NULL,
    employment_status_id integer NOT NULL,
    sight_diasability boolean DEFAULT false NOT NULL,
    hearing_disability boolean DEFAULT false NOT NULL,
    speech_disability boolean DEFAULT false NOT NULL,
    physical_disability boolean DEFAULT false NOT NULL,
    intellect_disabiity boolean DEFAULT false NOT NULL,
    emotional_disability boolean DEFAULT false NOT NULL,
    other_disabilities character varying
);


ALTER TABLE public.household_roster_absent OWNER TO admin;

--
-- TOC entry 281 (class 1259 OID 75517)
-- Name: household_roster_absent_id_seq; Type: SEQUENCE; Schema: public; Owner: admin
--

ALTER TABLE public.household_roster_absent ALTER COLUMN id ADD GENERATED ALWAYS AS IDENTITY (
    SEQUENCE NAME public.household_roster_absent_id_seq
    START WITH 1
    INCREMENT BY 1
    NO MINVALUE
    NO MAXVALUE
    CACHE 1
);


--
-- TOC entry 284 (class 1259 OID 75594)
-- Name: household_roster_emigrated; Type: TABLE; Schema: public; Owner: admin
--

CREATE TABLE public.household_roster_emigrated (
    id integer NOT NULL,
    fname character varying NOT NULL,
    relationship_type integer NOT NULL,
    destination integer NOT NULL,
    sex character varying NOT NULL,
    age integer NOT NULL,
    status boolean DEFAULT false NOT NULL,
    year_of_departure integer NOT NULL,
    activity_abroad integer NOT NULL,
    quesstionaire_id integer NOT NULL,
    nationality_id integer NOT NULL,
    dob date NOT NULL,
    ethnicity_id integer NOT NULL,
    birth_place_id integer NOT NULL,
    religion_id integer NOT NULL,
    marital_status_id integer NOT NULL,
    language_literacy_id integer NOT NULL,
    schooling_level_id integer NOT NULL,
    employment_sector_id integer NOT NULL,
    employment_status_id integer NOT NULL,
    sight_diasability boolean DEFAULT false NOT NULL,
    hearing_disability boolean DEFAULT false NOT NULL,
    speech_disability boolean DEFAULT false NOT NULL,
    physical_disability boolean DEFAULT false NOT NULL,
    intellect_disabiity boolean DEFAULT false NOT NULL,
    emotional_disability boolean DEFAULT false NOT NULL,
    other_disabilities character varying
);


ALTER TABLE public.household_roster_emigrated OWNER TO admin;

--
-- TOC entry 283 (class 1259 OID 75593)
-- Name: household_roster_emigrated_id_seq; Type: SEQUENCE; Schema: public; Owner: admin
--

ALTER TABLE public.household_roster_emigrated ALTER COLUMN id ADD GENERATED ALWAYS AS IDENTITY (
    SEQUENCE NAME public.household_roster_emigrated_id_seq
    START WITH 1
    INCREMENT BY 1
    NO MINVALUE
    NO MAXVALUE
    CACHE 1
);


--
-- TOC entry 225 (class 1259 OID 66307)
-- Name: household_roster_present; Type: TABLE; Schema: public; Owner: admin
--

CREATE TABLE public.household_roster_present (
    id integer NOT NULL,
    fname character varying NOT NULL,
    relationship_type integer NOT NULL,
    sex character varying NOT NULL,
    status boolean DEFAULT false NOT NULL,
    questionnaire_id integer NOT NULL,
    nationality_id integer NOT NULL,
    dob date NOT NULL,
    ethnicity_id integer NOT NULL,
    birth_place_id integer NOT NULL,
    religion_id integer NOT NULL,
    marital_status_id integer NOT NULL,
    language_literacy_id integer NOT NULL,
    schooling_level_id integer NOT NULL,
    employment_sector_id integer NOT NULL,
    employment_status_id integer NOT NULL,
    sight_diasability boolean DEFAULT false NOT NULL,
    hearing_disability boolean DEFAULT false NOT NULL,
    speech_disability boolean DEFAULT false NOT NULL,
    physical_disability boolean DEFAULT false NOT NULL,
    intellect_disabiity boolean DEFAULT false NOT NULL,
    emotional_disability boolean DEFAULT false NOT NULL,
    other_disabilities character varying
);


ALTER TABLE public.household_roster_present OWNER TO admin;

--
-- TOC entry 226 (class 1259 OID 66334)
-- Name: household_roster_present_id_seq; Type: SEQUENCE; Schema: public; Owner: admin
--

ALTER TABLE public.household_roster_present ALTER COLUMN id ADD GENERATED ALWAYS AS IDENTITY (
    SEQUENCE NAME public.household_roster_present_id_seq
    START WITH 1
    INCREMENT BY 1
    NO MINVALUE
    NO MAXVALUE
    CACHE 1
);


--
-- TOC entry 232 (class 1259 OID 74563)
-- Name: language_literacy; Type: TABLE; Schema: public; Owner: admin
--

CREATE TABLE public.language_literacy (
    id integer NOT NULL,
    description character varying NOT NULL,
    code character varying NOT NULL
);


ALTER TABLE public.language_literacy OWNER TO admin;

--
-- TOC entry 231 (class 1259 OID 74562)
-- Name: language_literacy_id_seq; Type: SEQUENCE; Schema: public; Owner: admin
--

ALTER TABLE public.language_literacy ALTER COLUMN id ADD GENERATED ALWAYS AS IDENTITY (
    SEQUENCE NAME public.language_literacy_id_seq
    START WITH 1
    INCREMENT BY 1
    NO MINVALUE
    NO MAXVALUE
    CACHE 1
);


--
-- TOC entry 250 (class 1259 OID 74637)
-- Name: lighting; Type: TABLE; Schema: public; Owner: admin
--

CREATE TABLE public.lighting (
    id integer NOT NULL,
    description character varying NOT NULL,
    code character varying NOT NULL
);


ALTER TABLE public.lighting OWNER TO admin;

--
-- TOC entry 249 (class 1259 OID 74636)
-- Name: lighting_id_seq; Type: SEQUENCE; Schema: public; Owner: admin
--

ALTER TABLE public.lighting ALTER COLUMN id ADD GENERATED ALWAYS AS IDENTITY (
    SEQUENCE NAME public.lighting_id_seq
    START WITH 1
    INCREMENT BY 1
    NO MINVALUE
    NO MAXVALUE
    CACHE 1
);


--
-- TOC entry 268 (class 1259 OID 74756)
-- Name: liquid_waste_disposal; Type: TABLE; Schema: public; Owner: admin
--

CREATE TABLE public.liquid_waste_disposal (
    id integer NOT NULL,
    description character varying NOT NULL,
    code character varying NOT NULL
);


ALTER TABLE public.liquid_waste_disposal OWNER TO admin;

--
-- TOC entry 267 (class 1259 OID 74755)
-- Name: liquid_waste_disposal_id_seq; Type: SEQUENCE; Schema: public; Owner: admin
--

ALTER TABLE public.liquid_waste_disposal ALTER COLUMN id ADD GENERATED ALWAYS AS IDENTITY (
    SEQUENCE NAME public.liquid_waste_disposal_id_seq
    START WITH 1
    INCREMENT BY 1
    NO MINVALUE
    NO MAXVALUE
    CACHE 1
);


--
-- TOC entry 290 (class 1259 OID 75707)
-- Name: livestock_or_fish; Type: TABLE; Schema: public; Owner: admin
--

CREATE TABLE public.livestock_or_fish (
    id integer NOT NULL,
    description character varying NOT NULL,
    code character varying NOT NULL
);


ALTER TABLE public.livestock_or_fish OWNER TO admin;

--
-- TOC entry 289 (class 1259 OID 75706)
-- Name: livestock_or_fish_id_seq; Type: SEQUENCE; Schema: public; Owner: admin
--

ALTER TABLE public.livestock_or_fish ALTER COLUMN id ADD GENERATED ALWAYS AS IDENTITY (
    SEQUENCE NAME public.livestock_or_fish_id_seq
    START WITH 1
    INCREMENT BY 1
    NO MINVALUE
    NO MAXVALUE
    CACHE 1
);


--
-- TOC entry 222 (class 1259 OID 58145)
-- Name: localities; Type: TABLE; Schema: public; Owner: admin
--

CREATE TABLE public.localities (
    id integer NOT NULL,
    "subdistrictID" integer NOT NULL,
    name character varying NOT NULL
);


ALTER TABLE public.localities OWNER TO admin;

--
-- TOC entry 221 (class 1259 OID 58144)
-- Name: localities_id_seq; Type: SEQUENCE; Schema: public; Owner: admin
--

ALTER TABLE public.localities ALTER COLUMN id ADD GENERATED ALWAYS AS IDENTITY (
    SEQUENCE NAME public.localities_id_seq
    START WITH 1
    INCREMENT BY 1
    NO MINVALUE
    NO MAXVALUE
    CACHE 1
);


--
-- TOC entry 230 (class 1259 OID 74553)
-- Name: marital_status; Type: TABLE; Schema: public; Owner: admin
--

CREATE TABLE public.marital_status (
    id integer NOT NULL,
    description character varying NOT NULL,
    code character varying NOT NULL
);


ALTER TABLE public.marital_status OWNER TO admin;

--
-- TOC entry 229 (class 1259 OID 74552)
-- Name: marital_status_id_seq; Type: SEQUENCE; Schema: public; Owner: admin
--

ALTER TABLE public.marital_status ALTER COLUMN id ADD GENERATED ALWAYS AS IDENTITY (
    SEQUENCE NAME public.marital_status_id_seq
    START WITH 1
    INCREMENT BY 1
    NO MINVALUE
    NO MAXVALUE
    CACHE 1
);


--
-- TOC entry 280 (class 1259 OID 75497)
-- Name: mortality; Type: TABLE; Schema: public; Owner: admin
--

CREATE TABLE public.mortality (
    id integer NOT NULL,
    name character varying NOT NULL,
    sex character varying NOT NULL,
    age_at_death integer NOT NULL,
    accident boolean DEFAULT false NOT NULL,
    pregnancy boolean DEFAULT false,
    questionaire_id integer NOT NULL
);


ALTER TABLE public.mortality OWNER TO admin;

--
-- TOC entry 279 (class 1259 OID 75496)
-- Name: mortality_id_seq; Type: SEQUENCE; Schema: public; Owner: admin
--

ALTER TABLE public.mortality ALTER COLUMN id ADD GENERATED ALWAYS AS IDENTITY (
    SEQUENCE NAME public.mortality_id_seq
    START WITH 1
    INCREMENT BY 1
    NO MINVALUE
    NO MAXVALUE
    CACHE 1
);


--
-- TOC entry 311 (class 1259 OID 75876)
-- Name: nationality; Type: TABLE; Schema: public; Owner: admin
--

CREATE TABLE public.nationality (
    id integer NOT NULL,
    description character varying NOT NULL,
    code character varying NOT NULL
);


ALTER TABLE public.nationality OWNER TO admin;

--
-- TOC entry 310 (class 1259 OID 75875)
-- Name: nationality_id_seq; Type: SEQUENCE; Schema: public; Owner: admin
--

ALTER TABLE public.nationality ALTER COLUMN id ADD GENERATED ALWAYS AS IDENTITY (
    SEQUENCE NAME public.nationality_id_seq
    START WITH 1
    INCREMENT BY 1
    NO MINVALUE
    NO MAXVALUE
    CACHE 1
);


--
-- TOC entry 242 (class 1259 OID 74605)
-- Name: outer_wall; Type: TABLE; Schema: public; Owner: admin
--

CREATE TABLE public.outer_wall (
    id integer NOT NULL,
    description character varying NOT NULL,
    code character varying NOT NULL
);


ALTER TABLE public.outer_wall OWNER TO admin;

--
-- TOC entry 241 (class 1259 OID 74604)
-- Name: outer_wall_id_seq; Type: SEQUENCE; Schema: public; Owner: admin
--

ALTER TABLE public.outer_wall ALTER COLUMN id ADD GENERATED ALWAYS AS IDENTITY (
    SEQUENCE NAME public.outer_wall_id_seq
    START WITH 1
    INCREMENT BY 1
    NO MINVALUE
    NO MAXVALUE
    CACHE 1
);


--
-- TOC entry 248 (class 1259 OID 74629)
-- Name: ownership_type; Type: TABLE; Schema: public; Owner: admin
--

CREATE TABLE public.ownership_type (
    id integer NOT NULL,
    description character varying NOT NULL,
    code character varying NOT NULL
);


ALTER TABLE public.ownership_type OWNER TO admin;

--
-- TOC entry 247 (class 1259 OID 74628)
-- Name: ownership_type_id_seq; Type: SEQUENCE; Schema: public; Owner: admin
--

ALTER TABLE public.ownership_type ALTER COLUMN id ADD GENERATED ALWAYS AS IDENTITY (
    SEQUENCE NAME public.ownership_type_id_seq
    START WITH 1
    INCREMENT BY 1
    NO MINVALUE
    NO MAXVALUE
    CACHE 1
);


--
-- TOC entry 278 (class 1259 OID 75096)
-- Name: questionnaire; Type: TABLE; Schema: public; Owner: admin
--

CREATE TABLE public.questionnaire (
    id integer NOT NULL,
    code character varying NOT NULL,
    region_id integer NOT NULL,
    district_type_id integer NOT NULL,
    district_id integer NOT NULL,
    sub_district_id integer NOT NULL,
    locality_id integer NOT NULL,
    household_members_male integer NOT NULL,
    household_members_female integer NOT NULL,
    enumerator_id integer NOT NULL,
    household_visitors_male integer NOT NULL,
    household_visitors_female integer NOT NULL,
    date_started date NOT NULL,
    household_address character varying NOT NULL,
    ecg_or_vra_number character varying NOT NULL,
    date_completed date NOT NULL,
    household_number character varying NOT NULL,
    dwelling_type_id integer NOT NULL,
    roof_type_id integer NOT NULL,
    outer_wall_type_id integer NOT NULL,
    floor_type_id integer NOT NULL,
    tenure_type_id integer NOT NULL,
    ownership_type_id integer NOT NULL,
    household_rooms integer NOT NULL,
    bedrooms integer NOT NULL,
    shared_rooms boolean DEFAULT false NOT NULL,
    lighting_type_id integer NOT NULL,
    drinking_water_id integer NOT NULL,
    domestic_water_id integer NOT NULL,
    cooking_fuel_id integer NOT NULL,
    cooking_space_id integer NOT NULL,
    bathing_facilities_id integer NOT NULL,
    toilet_facilities_id integer NOT NULL,
    toilet_facilities_shared_id integer NOT NULL,
    households_per_toilet_facility integer NOT NULL,
    solid_waste_disposal_id integer NOT NULL,
    liquid_waste_disposal_id integer NOT NULL,
    deceased boolean DEFAULT false NOT NULL,
    fixed_tel_line boolean DEFAULT false NOT NULL,
    desktop_or_laptop boolean DEFAULT true NOT NULL,
    total_visits integer NOT NULL,
    residence_type_id integer NOT NULL,
    crop_farming boolean DEFAULT true NOT NULL,
    tree_growing boolean DEFAULT false NOT NULL,
    livestock_rearing boolean DEFAULT false NOT NULL,
    fish_farming boolean DEFAULT false NOT NULL,
    males_in_agric integer NOT NULL,
    females_in_agric integer NOT NULL,
    crop_type_id integer NOT NULL,
    farm_measurement_unit_id integer,
    livestock_or_fish_id integer
);


ALTER TABLE public.questionnaire OWNER TO admin;

--
-- TOC entry 277 (class 1259 OID 75095)
-- Name: questionnaire_id_seq; Type: SEQUENCE; Schema: public; Owner: admin
--

ALTER TABLE public.questionnaire ALTER COLUMN id ADD GENERATED ALWAYS AS IDENTITY (
    SEQUENCE NAME public.questionnaire_id_seq
    START WITH 1
    INCREMENT BY 1
    NO MINVALUE
    NO MAXVALUE
    CACHE 1
);


--
-- TOC entry 224 (class 1259 OID 66276)
-- Name: relationship_codes; Type: TABLE; Schema: public; Owner: admin
--

CREATE TABLE public.relationship_codes (
    id integer NOT NULL,
    description character varying NOT NULL,
    code character varying NOT NULL
);


ALTER TABLE public.relationship_codes OWNER TO admin;

--
-- TOC entry 223 (class 1259 OID 66275)
-- Name: relationship_types_id_seq; Type: SEQUENCE; Schema: public; Owner: admin
--

ALTER TABLE public.relationship_codes ALTER COLUMN id ADD GENERATED ALWAYS AS IDENTITY (
    SEQUENCE NAME public.relationship_types_id_seq
    START WITH 1
    INCREMENT BY 1
    NO MINVALUE
    NO MAXVALUE
    CACHE 1
);


--
-- TOC entry 313 (class 1259 OID 75890)
-- Name: religion; Type: TABLE; Schema: public; Owner: admin
--

CREATE TABLE public.religion (
    id integer NOT NULL,
    description character varying NOT NULL,
    code character varying NOT NULL
);


ALTER TABLE public.religion OWNER TO admin;

--
-- TOC entry 312 (class 1259 OID 75889)
-- Name: religion_id_seq; Type: SEQUENCE; Schema: public; Owner: admin
--

ALTER TABLE public.religion ALTER COLUMN id ADD GENERATED ALWAYS AS IDENTITY (
    SEQUENCE NAME public.religion_id_seq
    START WITH 1
    INCREMENT BY 1
    NO MINVALUE
    NO MAXVALUE
    CACHE 1
);


--
-- TOC entry 276 (class 1259 OID 74801)
-- Name: residence_type; Type: TABLE; Schema: public; Owner: admin
--

CREATE TABLE public.residence_type (
    id integer NOT NULL,
    description character varying NOT NULL,
    code character varying NOT NULL
);


ALTER TABLE public.residence_type OWNER TO admin;

--
-- TOC entry 275 (class 1259 OID 74800)
-- Name: residence_type_id_seq; Type: SEQUENCE; Schema: public; Owner: admin
--

ALTER TABLE public.residence_type ALTER COLUMN id ADD GENERATED ALWAYS AS IDENTITY (
    SEQUENCE NAME public.residence_type_id_seq
    START WITH 1
    INCREMENT BY 1
    NO MINVALUE
    NO MAXVALUE
    CACHE 1
);


--
-- TOC entry 240 (class 1259 OID 74597)
-- Name: roof; Type: TABLE; Schema: public; Owner: admin
--

CREATE TABLE public.roof (
    id integer NOT NULL,
    description character varying NOT NULL,
    code character varying NOT NULL
);


ALTER TABLE public.roof OWNER TO admin;

--
-- TOC entry 239 (class 1259 OID 74596)
-- Name: roof_id_seq; Type: SEQUENCE; Schema: public; Owner: admin
--

ALTER TABLE public.roof ALTER COLUMN id ADD GENERATED ALWAYS AS IDENTITY (
    SEQUENCE NAME public.roof_id_seq
    START WITH 1
    INCREMENT BY 1
    NO MINVALUE
    NO MAXVALUE
    CACHE 1
);


--
-- TOC entry 234 (class 1259 OID 74573)
-- Name: schooling_level; Type: TABLE; Schema: public; Owner: admin
--

CREATE TABLE public.schooling_level (
    id integer NOT NULL,
    description character varying NOT NULL,
    code character varying NOT NULL
);


ALTER TABLE public.schooling_level OWNER TO admin;

--
-- TOC entry 233 (class 1259 OID 74572)
-- Name: schooling_level_id_seq; Type: SEQUENCE; Schema: public; Owner: admin
--

ALTER TABLE public.schooling_level ALTER COLUMN id ADD GENERATED ALWAYS AS IDENTITY (
    SEQUENCE NAME public.schooling_level_id_seq
    START WITH 1
    INCREMENT BY 1
    NO MINVALUE
    NO MAXVALUE
    CACHE 1
);


--
-- TOC entry 266 (class 1259 OID 74746)
-- Name: solid_waste_disposal; Type: TABLE; Schema: public; Owner: admin
--

CREATE TABLE public.solid_waste_disposal (
    id integer NOT NULL,
    description character varying NOT NULL,
    code character varying NOT NULL
);


ALTER TABLE public.solid_waste_disposal OWNER TO admin;

--
-- TOC entry 265 (class 1259 OID 74745)
-- Name: solid_waste_disposal_id_seq; Type: SEQUENCE; Schema: public; Owner: admin
--

ALTER TABLE public.solid_waste_disposal ALTER COLUMN id ADD GENERATED ALWAYS AS IDENTITY (
    SEQUENCE NAME public.solid_waste_disposal_id_seq
    START WITH 1
    INCREMENT BY 1
    NO MINVALUE
    NO MAXVALUE
    CACHE 1
);


--
-- TOC entry 315 (class 1259 OID 75904)
-- Name: subdistricts; Type: TABLE; Schema: public; Owner: admin
--

CREATE TABLE public.subdistricts (
    id integer NOT NULL,
    districtid integer NOT NULL,
    name character varying NOT NULL
);


ALTER TABLE public.subdistricts OWNER TO admin;

--
-- TOC entry 314 (class 1259 OID 75903)
-- Name: subdistricts_id_seq; Type: SEQUENCE; Schema: public; Owner: admin
--

ALTER TABLE public.subdistricts ALTER COLUMN id ADD GENERATED ALWAYS AS IDENTITY (
    SEQUENCE NAME public.subdistricts_id_seq
    START WITH 1
    INCREMENT BY 1
    NO MINVALUE
    NO MAXVALUE
    CACHE 1
);


--
-- TOC entry 270 (class 1259 OID 74766)
-- Name: supervisor; Type: TABLE; Schema: public; Owner: admin
--

CREATE TABLE public.supervisor (
    id integer NOT NULL,
    name character varying NOT NULL,
    phone integer NOT NULL
);


ALTER TABLE public.supervisor OWNER TO admin;

--
-- TOC entry 269 (class 1259 OID 74765)
-- Name: supervisor_id_seq; Type: SEQUENCE; Schema: public; Owner: admin
--

ALTER TABLE public.supervisor ALTER COLUMN id ADD GENERATED ALWAYS AS IDENTITY (
    SEQUENCE NAME public.supervisor_id_seq
    START WITH 1
    INCREMENT BY 1
    NO MINVALUE
    NO MAXVALUE
    CACHE 1
);


--
-- TOC entry 246 (class 1259 OID 74621)
-- Name: tenure; Type: TABLE; Schema: public; Owner: admin
--

CREATE TABLE public.tenure (
    id integer NOT NULL,
    description character varying NOT NULL,
    code character varying NOT NULL
);


ALTER TABLE public.tenure OWNER TO admin;

--
-- TOC entry 245 (class 1259 OID 74620)
-- Name: tenure_id_seq; Type: SEQUENCE; Schema: public; Owner: admin
--

ALTER TABLE public.tenure ALTER COLUMN id ADD GENERATED ALWAYS AS IDENTITY (
    SEQUENCE NAME public.tenure_id_seq
    START WITH 1
    INCREMENT BY 1
    NO MINVALUE
    NO MAXVALUE
    CACHE 1
);


--
-- TOC entry 260 (class 1259 OID 74716)
-- Name: toilet_facilities; Type: TABLE; Schema: public; Owner: admin
--

CREATE TABLE public.toilet_facilities (
    id integer NOT NULL,
    description character varying NOT NULL,
    code character varying NOT NULL
);


ALTER TABLE public.toilet_facilities OWNER TO admin;

--
-- TOC entry 259 (class 1259 OID 74715)
-- Name: toilet_facilities_id_seq; Type: SEQUENCE; Schema: public; Owner: admin
--

ALTER TABLE public.toilet_facilities ALTER COLUMN id ADD GENERATED ALWAYS AS IDENTITY (
    SEQUENCE NAME public.toilet_facilities_id_seq
    START WITH 1
    INCREMENT BY 1
    NO MINVALUE
    NO MAXVALUE
    CACHE 1
);


--
-- TOC entry 264 (class 1259 OID 74736)
-- Name: toilet_facilities_shared; Type: TABLE; Schema: public; Owner: admin
--

CREATE TABLE public.toilet_facilities_shared (
    id integer NOT NULL,
    description character varying NOT NULL,
    code character varying NOT NULL
);


ALTER TABLE public.toilet_facilities_shared OWNER TO admin;

--
-- TOC entry 263 (class 1259 OID 74735)
-- Name: toilet_facilities_shared_id_seq; Type: SEQUENCE; Schema: public; Owner: admin
--

ALTER TABLE public.toilet_facilities_shared ALTER COLUMN id ADD GENERATED ALWAYS AS IDENTITY (
    SEQUENCE NAME public.toilet_facilities_shared_id_seq
    START WITH 1
    INCREMENT BY 1
    NO MINVALUE
    NO MAXVALUE
    CACHE 1
);


--
-- TOC entry 317 (class 1259 OID 75919)
-- Name: user_activity_log; Type: TABLE; Schema: public; Owner: admin
--

CREATE TABLE public.user_activity_log (
    id integer NOT NULL,
    table_name character varying(255) NOT NULL,
    operation_type character varying(50) NOT NULL,
    record_id integer NOT NULL,
    changed_at timestamp without time zone DEFAULT CURRENT_TIMESTAMP
);


ALTER TABLE public.user_activity_log OWNER TO admin;

--
-- TOC entry 316 (class 1259 OID 75918)
-- Name: user_activity_log_id_seq; Type: SEQUENCE; Schema: public; Owner: admin
--

CREATE SEQUENCE public.user_activity_log_id_seq
    AS integer
    START WITH 1
    INCREMENT BY 1
    NO MINVALUE
    NO MAXVALUE
    CACHE 1;


ALTER SEQUENCE public.user_activity_log_id_seq OWNER TO admin;

--
-- TOC entry 4153 (class 0 OID 0)
-- Dependencies: 316
-- Name: user_activity_log_id_seq; Type: SEQUENCE OWNED BY; Schema: public; Owner: admin
--

ALTER SEQUENCE public.user_activity_log_id_seq OWNED BY public.user_activity_log.id;


--
-- TOC entry 262 (class 1259 OID 74726)
-- Name: water_supply_domestic; Type: TABLE; Schema: public; Owner: admin
--

CREATE TABLE public.water_supply_domestic (
    id integer NOT NULL,
    description character varying NOT NULL,
    code character varying NOT NULL
);


ALTER TABLE public.water_supply_domestic OWNER TO admin;

--
-- TOC entry 261 (class 1259 OID 74725)
-- Name: water_supply_domestic_id_seq; Type: SEQUENCE; Schema: public; Owner: admin
--

ALTER TABLE public.water_supply_domestic ALTER COLUMN id ADD GENERATED ALWAYS AS IDENTITY (
    SEQUENCE NAME public.water_supply_domestic_id_seq
    START WITH 1
    INCREMENT BY 1
    NO MINVALUE
    NO MAXVALUE
    CACHE 1
);


--
-- TOC entry 252 (class 1259 OID 74645)
-- Name: water_supply_drinking; Type: TABLE; Schema: public; Owner: admin
--

CREATE TABLE public.water_supply_drinking (
    id integer NOT NULL,
    description character varying NOT NULL,
    code character varying NOT NULL
);


ALTER TABLE public.water_supply_drinking OWNER TO admin;

--
-- TOC entry 251 (class 1259 OID 74644)
-- Name: water_supply_id_seq; Type: SEQUENCE; Schema: public; Owner: admin
--

ALTER TABLE public.water_supply_drinking ALTER COLUMN id ADD GENERATED ALWAYS AS IDENTITY (
    SEQUENCE NAME public.water_supply_id_seq
    START WITH 1
    INCREMENT BY 1
    NO MINVALUE
    NO MAXVALUE
    CACHE 1
);


--
-- TOC entry 3495 (class 0 OID 0)
-- Name: enumerator_partition_1; Type: TABLE ATTACH; Schema: public; Owner: admin
--

ALTER TABLE ONLY public.enumerator_partitioned ATTACH PARTITION public.enumerator_partition_1 FOR VALUES FROM (1) TO (11);


--
-- TOC entry 3496 (class 0 OID 0)
-- Name: enumerator_partition_2; Type: TABLE ATTACH; Schema: public; Owner: admin
--

ALTER TABLE ONLY public.enumerator_partitioned ATTACH PARTITION public.enumerator_partition_2 FOR VALUES FROM (11) TO (21);


--
-- TOC entry 3497 (class 0 OID 0)
-- Name: enumerator_partition_3; Type: TABLE ATTACH; Schema: public; Owner: admin
--

ALTER TABLE ONLY public.enumerator_partitioned ATTACH PARTITION public.enumerator_partition_3 FOR VALUES FROM (21) TO (31);


--
-- TOC entry 3531 (class 2604 OID 75937)
-- Name: enumerator_partitioned id; Type: DEFAULT; Schema: public; Owner: admin
--

ALTER TABLE ONLY public.enumerator_partitioned ALTER COLUMN id SET DEFAULT nextval('public.enumerator_partitioned_id_seq'::regclass);


--
-- TOC entry 3529 (class 2604 OID 75922)
-- Name: user_activity_log id; Type: DEFAULT; Schema: public; Owner: admin
--

ALTER TABLE ONLY public.user_activity_log ALTER COLUMN id SET DEFAULT nextval('public.user_activity_log_id_seq'::regclass);


--
-- TOC entry 4051 (class 0 OID 66336)
-- Dependencies: 228
-- Data for Name: activity_abroad_codes; Type: TABLE DATA; Schema: public; Owner: admin
--

COPY public.activity_abroad_codes (id, description, code) FROM stdin;
1	Employed	1
2	Unemployed	2
3	Student	3
\.


--
-- TOC entry 4121 (class 0 OID 75751)
-- Dependencies: 298
-- Data for Name: auth_group; Type: TABLE DATA; Schema: public; Owner: admin
--

COPY public.auth_group (id, name) FROM stdin;
\.


--
-- TOC entry 4123 (class 0 OID 75759)
-- Dependencies: 300
-- Data for Name: auth_group_permissions; Type: TABLE DATA; Schema: public; Owner: admin
--

COPY public.auth_group_permissions (id, group_id, permission_id) FROM stdin;
\.


--
-- TOC entry 4119 (class 0 OID 75745)
-- Dependencies: 296
-- Data for Name: auth_permission; Type: TABLE DATA; Schema: public; Owner: admin
--

COPY public.auth_permission (id, name, content_type_id, codename) FROM stdin;
1	Can add log entry	1	add_logentry
2	Can change log entry	1	change_logentry
3	Can delete log entry	1	delete_logentry
4	Can view log entry	1	view_logentry
5	Can add permission	2	add_permission
6	Can change permission	2	change_permission
7	Can delete permission	2	delete_permission
8	Can view permission	2	view_permission
9	Can add group	3	add_group
10	Can change group	3	change_group
11	Can delete group	3	delete_group
12	Can view group	3	view_group
13	Can add user	4	add_user
14	Can change user	4	change_user
15	Can delete user	4	delete_user
16	Can view user	4	view_user
17	Can add content type	5	add_contenttype
18	Can change content type	5	change_contenttype
19	Can delete content type	5	delete_contenttype
20	Can view content type	5	view_contenttype
21	Can add session	6	add_session
22	Can change session	6	change_session
23	Can delete session	6	delete_session
24	Can view session	6	view_session
25	Can add activity abroad codes	7	add_activityabroadcodes
26	Can change activity abroad codes	7	change_activityabroadcodes
27	Can delete activity abroad codes	7	delete_activityabroadcodes
28	Can view activity abroad codes	7	view_activityabroadcodes
29	Can add bathing facilities	8	add_bathingfacilities
30	Can change bathing facilities	8	change_bathingfacilities
31	Can delete bathing facilities	8	delete_bathingfacilities
32	Can view bathing facilities	8	view_bathingfacilities
33	Can add cooking fuel	9	add_cookingfuel
34	Can change cooking fuel	9	change_cookingfuel
35	Can delete cooking fuel	9	delete_cookingfuel
36	Can view cooking fuel	9	view_cookingfuel
37	Can add cooking space	10	add_cookingspace
38	Can change cooking space	10	change_cookingspace
39	Can delete cooking space	10	delete_cookingspace
40	Can view cooking space	10	view_cookingspace
41	Can add crop type	11	add_croptype
42	Can change crop type	11	change_croptype
43	Can delete crop type	11	delete_croptype
44	Can view crop type	11	view_croptype
45	Can add districts	12	add_districts
46	Can change districts	12	change_districts
47	Can delete districts	12	delete_districts
48	Can view districts	12	view_districts
49	Can add district types	13	add_districttypes
50	Can change district types	13	change_districttypes
51	Can delete district types	13	delete_districttypes
52	Can view district types	13	view_districttypes
53	Can add dwelling type	14	add_dwellingtype
54	Can change dwelling type	14	change_dwellingtype
55	Can delete dwelling type	14	delete_dwellingtype
56	Can view dwelling type	14	view_dwellingtype
57	Can add employment sector	15	add_employmentsector
58	Can change employment sector	15	change_employmentsector
59	Can delete employment sector	15	delete_employmentsector
60	Can view employment sector	15	view_employmentsector
61	Can add employment status	16	add_employmentstatus
62	Can change employment status	16	change_employmentstatus
63	Can delete employment status	16	delete_employmentstatus
64	Can view employment status	16	view_employmentstatus
65	Can add enumerator	17	add_enumerator
66	Can change enumerator	17	change_enumerator
67	Can delete enumerator	17	delete_enumerator
68	Can view enumerator	17	view_enumerator
69	Can add ethnicity	18	add_ethnicity
70	Can change ethnicity	18	change_ethnicity
71	Can delete ethnicity	18	delete_ethnicity
72	Can view ethnicity	18	view_ethnicity
73	Can add farm measurement unit	19	add_farmmeasurementunit
74	Can change farm measurement unit	19	change_farmmeasurementunit
75	Can delete farm measurement unit	19	delete_farmmeasurementunit
76	Can view farm measurement unit	19	view_farmmeasurementunit
77	Can add floor	20	add_floor
78	Can change floor	20	change_floor
79	Can delete floor	20	delete_floor
80	Can view floor	20	view_floor
81	Can add household roster absent	21	add_householdrosterabsent
82	Can change household roster absent	21	change_householdrosterabsent
83	Can delete household roster absent	21	delete_householdrosterabsent
84	Can view household roster absent	21	view_householdrosterabsent
85	Can add household roster emigrated	22	add_householdrosteremigrated
86	Can change household roster emigrated	22	change_householdrosteremigrated
87	Can delete household roster emigrated	22	delete_householdrosteremigrated
88	Can view household roster emigrated	22	view_householdrosteremigrated
89	Can add household roster present	23	add_householdrosterpresent
90	Can change household roster present	23	change_householdrosterpresent
91	Can delete household roster present	23	delete_householdrosterpresent
92	Can view household roster present	23	view_householdrosterpresent
93	Can add language literacy	24	add_languageliteracy
94	Can change language literacy	24	change_languageliteracy
95	Can delete language literacy	24	delete_languageliteracy
96	Can view language literacy	24	view_languageliteracy
97	Can add lighting	25	add_lighting
98	Can change lighting	25	change_lighting
99	Can delete lighting	25	delete_lighting
100	Can view lighting	25	view_lighting
101	Can add liquid waste disposal	26	add_liquidwastedisposal
102	Can change liquid waste disposal	26	change_liquidwastedisposal
103	Can delete liquid waste disposal	26	delete_liquidwastedisposal
104	Can view liquid waste disposal	26	view_liquidwastedisposal
105	Can add livestock or fish	27	add_livestockorfish
106	Can change livestock or fish	27	change_livestockorfish
107	Can delete livestock or fish	27	delete_livestockorfish
108	Can view livestock or fish	27	view_livestockorfish
109	Can add localities	28	add_localities
110	Can change localities	28	change_localities
111	Can delete localities	28	delete_localities
112	Can view localities	28	view_localities
113	Can add marital status	29	add_maritalstatus
114	Can change marital status	29	change_maritalstatus
115	Can delete marital status	29	delete_maritalstatus
116	Can view marital status	29	view_maritalstatus
117	Can add mortality	30	add_mortality
118	Can change mortality	30	change_mortality
119	Can delete mortality	30	delete_mortality
120	Can view mortality	30	view_mortality
121	Can add nationality	31	add_nationality
122	Can change nationality	31	change_nationality
123	Can delete nationality	31	delete_nationality
124	Can view nationality	31	view_nationality
125	Can add outer wall	32	add_outerwall
126	Can change outer wall	32	change_outerwall
127	Can delete outer wall	32	delete_outerwall
128	Can view outer wall	32	view_outerwall
129	Can add ownership type	33	add_ownershiptype
130	Can change ownership type	33	change_ownershiptype
131	Can delete ownership type	33	delete_ownershiptype
132	Can view ownership type	33	view_ownershiptype
133	Can add questionnaire	34	add_questionnaire
134	Can change questionnaire	34	change_questionnaire
135	Can delete questionnaire	34	delete_questionnaire
136	Can view questionnaire	34	view_questionnaire
137	Can add region and country codes	35	add_regionandcountrycodes
138	Can change region and country codes	35	change_regionandcountrycodes
139	Can delete region and country codes	35	delete_regionandcountrycodes
140	Can view region and country codes	35	view_regionandcountrycodes
141	Can add relationship codes	36	add_relationshipcodes
142	Can change relationship codes	36	change_relationshipcodes
143	Can delete relationship codes	36	delete_relationshipcodes
144	Can view relationship codes	36	view_relationshipcodes
145	Can add religion	37	add_religion
146	Can change religion	37	change_religion
147	Can delete religion	37	delete_religion
148	Can view religion	37	view_religion
149	Can add residence type	38	add_residencetype
150	Can change residence type	38	change_residencetype
151	Can delete residence type	38	delete_residencetype
152	Can view residence type	38	view_residencetype
153	Can add roof	39	add_roof
154	Can change roof	39	change_roof
155	Can delete roof	39	delete_roof
156	Can view roof	39	view_roof
157	Can add schooling level	40	add_schoolinglevel
158	Can change schooling level	40	change_schoolinglevel
159	Can delete schooling level	40	delete_schoolinglevel
160	Can view schooling level	40	view_schoolinglevel
161	Can add solid waste disposal	41	add_solidwastedisposal
162	Can change solid waste disposal	41	change_solidwastedisposal
163	Can delete solid waste disposal	41	delete_solidwastedisposal
164	Can view solid waste disposal	41	view_solidwastedisposal
165	Can add subdistricts	42	add_subdistricts
166	Can change subdistricts	42	change_subdistricts
167	Can delete subdistricts	42	delete_subdistricts
168	Can view subdistricts	42	view_subdistricts
169	Can add supervisor	43	add_supervisor
170	Can change supervisor	43	change_supervisor
171	Can delete supervisor	43	delete_supervisor
172	Can view supervisor	43	view_supervisor
173	Can add tenure	44	add_tenure
174	Can change tenure	44	change_tenure
175	Can delete tenure	44	delete_tenure
176	Can view tenure	44	view_tenure
177	Can add toilet facilities	45	add_toiletfacilities
178	Can change toilet facilities	45	change_toiletfacilities
179	Can delete toilet facilities	45	delete_toiletfacilities
180	Can view toilet facilities	45	view_toiletfacilities
181	Can add toilet facilities shared	46	add_toiletfacilitiesshared
182	Can change toilet facilities shared	46	change_toiletfacilitiesshared
183	Can delete toilet facilities shared	46	delete_toiletfacilitiesshared
184	Can view toilet facilities shared	46	view_toiletfacilitiesshared
185	Can add water supply domestic	47	add_watersupplydomestic
186	Can change water supply domestic	47	change_watersupplydomestic
187	Can delete water supply domestic	47	delete_watersupplydomestic
188	Can view water supply domestic	47	view_watersupplydomestic
189	Can add water supply drinking	48	add_watersupplydrinking
190	Can change water supply drinking	48	change_watersupplydrinking
191	Can delete water supply drinking	48	delete_watersupplydrinking
192	Can view water supply drinking	48	view_watersupplydrinking
\.


--
-- TOC entry 4125 (class 0 OID 75765)
-- Dependencies: 302
-- Data for Name: auth_user; Type: TABLE DATA; Schema: public; Owner: admin
--

COPY public.auth_user (id, password, last_login, is_superuser, username, first_name, last_name, email, is_staff, is_active, date_joined) FROM stdin;
\.


--
-- TOC entry 4127 (class 0 OID 75773)
-- Dependencies: 304
-- Data for Name: auth_user_groups; Type: TABLE DATA; Schema: public; Owner: admin
--

COPY public.auth_user_groups (id, user_id, group_id) FROM stdin;
\.


--
-- TOC entry 4129 (class 0 OID 75779)
-- Dependencies: 306
-- Data for Name: auth_user_user_permissions; Type: TABLE DATA; Schema: public; Owner: admin
--

COPY public.auth_user_user_permissions (id, user_id, permission_id) FROM stdin;
\.


--
-- TOC entry 4081 (class 0 OID 74706)
-- Dependencies: 258
-- Data for Name: bathing_facilities; Type: TABLE DATA; Schema: public; Owner: admin
--

COPY public.bathing_facilities (id, description, code) FROM stdin;
1	Own bathroom for exclusive use	1
2	Shared separate bathroom in same house	2
3	Private open cubicle	3
4	Shared open cubicle	4
5	Public bath house	5
6	Bathroom in another house	6
7	Open space around house	7
8	In a river, pond, lake or dam	8
9	Other (Specify)	9
\.


--
-- TOC entry 4077 (class 0 OID 74686)
-- Dependencies: 254
-- Data for Name: cooking_fuel; Type: TABLE DATA; Schema: public; Owner: admin
--

COPY public.cooking_fuel (id, description, code) FROM stdin;
1	None, no cooking	01
2	Wood	02
3	Gas	03
4	Electricity	04
5	Kerosene	05
6	Charcoal	06
7	Crop residue	07
8	Saw dust	08
9	Animal waste	09
10	Other (Specify)	10
\.


--
-- TOC entry 4079 (class 0 OID 74696)
-- Dependencies: 256
-- Data for Name: cooking_space; Type: TABLE DATA; Schema: public; Owner: admin
--

COPY public.cooking_space (id, description, code) FROM stdin;
1	No cooking	1
2	Separate room for exclusive use of household	2
3	Separate room shared with other household(s)	3
4	Enclosure without roof	4
5	Structure with roof but without walls	5
6	Bedroom/Hall/Living room	6
7	Veranda	7
8	Open space in compound	8
\.


--
-- TOC entry 4109 (class 0 OID 75674)
-- Dependencies: 286
-- Data for Name: crop_type; Type: TABLE DATA; Schema: public; Owner: admin
--

COPY public.crop_type (id, description, code) FROM stdin;
1	Cereals (e.g., Rice)	01
2	Vegetables	02
3	Fruits	03
4	Tubers (e.g., Yam)	04
5	Legumes (e.g., Beans)	05
6	Oil Seeds (e.g., Palm)	06
7	Cash Crops (e.g., Cocoa)	07
8	Other Crops	08
\.


--
-- TOC entry 4041 (class 0 OID 58093)
-- Dependencies: 218
-- Data for Name: district_types; Type: TABLE DATA; Schema: public; Owner: admin
--

COPY public.district_types (id, type) FROM stdin;
1	Metropolitan
2	Municipal
3	District
\.


--
-- TOC entry 4043 (class 0 OID 58111)
-- Dependencies: 220
-- Data for Name: districts; Type: TABLE DATA; Schema: public; Owner: admin
--

COPY public.districts (id, district_type_id, name) FROM stdin;
1	1	Accra Metropolitan
2	1	Kumasi Metropolitan
3	2	Tema Municipal
4	2	Madina Municipal
5	3	Adansi North District
6	3	Ahafo Ano South District
7	3	Asunafo North District
8	2	Ga East Municipal
9	3	Gomoa East District
10	3	Kwahu South District
11	2	Effutu Municipal
12	3	Ho West District
13	2	Ajumako-Enyan-Essiam Municipal
14	3	Berekum West District
15	3	Tano South District
16	3	Jirapa District
17	2	Sunyani Municipal
18	3	Bole District
19	3	Sissala East District
20	3	Sekyere Afram Plains District
21	3	Kpandai District
22	3	Saboba District
23	2	Cape Coast Municipal
24	3	Abura-Asebu-Kwamankese District
25	3	Nandom District
26	3	Lambussie Karni District
27	3	Krachi East District
28	2	Bolgatanga Municipal
29	3	Talensi District
\.


--
-- TOC entry 4131 (class 0 OID 75837)
-- Dependencies: 308
-- Data for Name: django_admin_log; Type: TABLE DATA; Schema: public; Owner: admin
--

COPY public.django_admin_log (id, action_time, object_id, object_repr, action_flag, change_message, content_type_id, user_id) FROM stdin;
\.


--
-- TOC entry 4117 (class 0 OID 75737)
-- Dependencies: 294
-- Data for Name: django_content_type; Type: TABLE DATA; Schema: public; Owner: admin
--

COPY public.django_content_type (id, app_label, model) FROM stdin;
1	admin	logentry
2	auth	permission
3	auth	group
4	auth	user
5	contenttypes	contenttype
6	sessions	session
7	census_api	activityabroadcodes
8	census_api	bathingfacilities
9	census_api	cookingfuel
10	census_api	cookingspace
11	census_api	croptype
12	census_api	districts
13	census_api	districttypes
14	census_api	dwellingtype
15	census_api	employmentsector
16	census_api	employmentstatus
17	census_api	enumerator
18	census_api	ethnicity
19	census_api	farmmeasurementunit
20	census_api	floor
21	census_api	householdrosterabsent
22	census_api	householdrosteremigrated
23	census_api	householdrosterpresent
24	census_api	languageliteracy
25	census_api	lighting
26	census_api	liquidwastedisposal
27	census_api	livestockorfish
28	census_api	localities
29	census_api	maritalstatus
30	census_api	mortality
31	census_api	nationality
32	census_api	outerwall
33	census_api	ownershiptype
34	census_api	questionnaire
35	census_api	regionandcountrycodes
36	census_api	relationshipcodes
37	census_api	religion
38	census_api	residencetype
39	census_api	roof
40	census_api	schoolinglevel
41	census_api	solidwastedisposal
42	census_api	subdistricts
43	census_api	supervisor
44	census_api	tenure
45	census_api	toiletfacilities
46	census_api	toiletfacilitiesshared
47	census_api	watersupplydomestic
48	census_api	watersupplydrinking
\.


--
-- TOC entry 4115 (class 0 OID 75729)
-- Dependencies: 292
-- Data for Name: django_migrations; Type: TABLE DATA; Schema: public; Owner: admin
--

COPY public.django_migrations (id, app, name, applied) FROM stdin;
1	contenttypes	0001_initial	2025-01-13 16:39:53.068349+00
2	auth	0001_initial	2025-01-13 16:39:54.129826+00
3	admin	0001_initial	2025-01-13 16:39:54.396827+00
4	admin	0002_logentry_remove_auto_add	2025-01-13 16:39:54.436561+00
5	admin	0003_logentry_add_action_flag_choices	2025-01-13 16:39:54.478693+00
6	contenttypes	0002_remove_content_type_name	2025-01-13 16:39:54.560158+00
7	auth	0002_alter_permission_name_max_length	2025-01-13 16:39:54.610349+00
8	auth	0003_alter_user_email_max_length	2025-01-13 16:39:54.647396+00
9	auth	0004_alter_user_username_opts	2025-01-13 16:39:54.674294+00
10	auth	0005_alter_user_last_login_null	2025-01-13 16:39:54.70386+00
11	auth	0006_require_contenttypes_0002	2025-01-13 16:39:54.719123+00
12	auth	0007_alter_validators_add_error_messages	2025-01-13 16:39:54.750596+00
13	auth	0008_alter_user_username_max_length	2025-01-13 16:39:54.889344+00
14	auth	0009_alter_user_last_name_max_length	2025-01-13 16:39:55.012049+00
15	auth	0010_alter_group_name_max_length	2025-01-13 16:39:55.060562+00
16	auth	0011_update_proxy_permissions	2025-01-13 16:39:55.100381+00
17	auth	0012_alter_user_first_name_max_length	2025-01-13 16:39:55.129714+00
18	census_api	0001_initial	2025-01-13 16:39:55.212966+00
19	sessions	0001_initial	2025-01-13 16:39:55.430847+00
\.


--
-- TOC entry 4132 (class 0 OID 75865)
-- Dependencies: 309
-- Data for Name: django_session; Type: TABLE DATA; Schema: public; Owner: admin
--

COPY public.django_session (session_key, session_data, expire_date) FROM stdin;
\.


--
-- TOC entry 4097 (class 0 OID 74791)
-- Dependencies: 274
-- Data for Name: dwelling_type; Type: TABLE DATA; Schema: public; Owner: admin
--

COPY public.dwelling_type (id, description, code) FROM stdin;
11	Separate house	01
12	Semi-detached house	02
13	Flat/Apartment	03
14	Compound house (rooms)	04
15	Huts/Buildings (same compound)	05
16	Huts/Buildings ordifferent compounds	06
17	Tent	07
18	Improvised home ie kiosk, container	08
19	Living quarters attached to office/shop	09
20	Uncompleted building	10
\.


--
-- TOC entry 4061 (class 0 OID 74589)
-- Dependencies: 238
-- Data for Name: employment_sector; Type: TABLE DATA; Schema: public; Owner: admin
--

COPY public.employment_sector (id, description, code) FROM stdin;
1	Public (Government)	1
2	Private Formal	2
3	Private Informal	3
4	Semi-Public/Parastatal	4
5	NGO (Local and International)	5
6	International Organisation	6
\.


--
-- TOC entry 4059 (class 0 OID 74581)
-- Dependencies: 236
-- Data for Name: employment_status; Type: TABLE DATA; Schema: public; Owner: admin
--

COPY public.employment_status (id, description, code) FROM stdin;
1	Employee	1
2	Self employed without employees	2
3	Self employed with employees	3
4	Casual worker	4
5	Contributing family worker	5
6	Apprentice	6
7	Domestic employee (househelp)	7
8	Other	8
\.


--
-- TOC entry 4095 (class 0 OID 74776)
-- Dependencies: 272
-- Data for Name: enumerator; Type: TABLE DATA; Schema: public; Owner: admin
--

COPY public.enumerator (id, supervisor_id, name, phone) FROM stdin;
1	1	Alice Cooper	5551001
2	1	Bob King	5551002
3	1	Charlie Clark	5551003
4	1	Diana Allen	5551004
5	2	Ethan Adams	5551005
6	2	Fiona Moore	5551006
7	2	George Lee	5551007
8	2	Hannah Scott	5551008
9	3	Isaac White	5551009
10	3	Jack Miller	5551010
11	3	Kylie Young	5551011
12	3	Lily Davis	5551012
13	4	Max Carter	5551013
14	4	Nina Wright	5551014
15	4	Olivia Brown	5551015
16	4	Paul Green	5551016
17	5	Quincy Harris	5551017
18	5	Rachel Lewis	5551018
19	5	Samuel King	5551019
20	5	Tina Walker	5551020
21	6	Ursula Hall	5551021
22	6	Victor Smith	5551022
23	6	Walter Black	5551023
24	6	Xander White	5551024
25	7	Yara Martinez	5551025
26	7	Zachary Garcia	5551026
27	7	Amelia Perez	5551027
28	7	Brian Scott	5551028
29	8	Catherine Miller	5551029
30	8	David Johnson	5551030
31	8	Emily Rodriguez	5551031
\.


--
-- TOC entry 4142 (class 0 OID 75940)
-- Dependencies: 320
-- Data for Name: enumerator_partition_1; Type: TABLE DATA; Schema: public; Owner: admin
--

COPY public.enumerator_partition_1 (id, supervisor_id, name, phone) FROM stdin;
1	5	John Doe	123456789
\.


--
-- TOC entry 4143 (class 0 OID 75946)
-- Dependencies: 321
-- Data for Name: enumerator_partition_2; Type: TABLE DATA; Schema: public; Owner: admin
--

COPY public.enumerator_partition_2 (id, supervisor_id, name, phone) FROM stdin;
2	15	Jane Smith	987654321
\.


--
-- TOC entry 4144 (class 0 OID 75952)
-- Dependencies: 322
-- Data for Name: enumerator_partition_3; Type: TABLE DATA; Schema: public; Owner: admin
--

COPY public.enumerator_partition_3 (id, supervisor_id, name, phone) FROM stdin;
3	25	Alice Brown	456789123
\.


--
-- TOC entry 4146 (class 0 OID 84096)
-- Dependencies: 324
-- Data for Name: ethnicity; Type: TABLE DATA; Schema: public; Owner: admin
--

COPY public.ethnicity (id, description, code) FROM stdin;
1	Akan	01
2	Ewe	02
3	Ga-Dangme	03
4	Mole-Dagbani	04
5	Guan	05
6	Gurma	06
7	Grusi	07
8	Mande	08
9	Other	09
10	Foreign	10
\.


--
-- TOC entry 4111 (class 0 OID 75686)
-- Dependencies: 288
-- Data for Name: farm_measurement_unit; Type: TABLE DATA; Schema: public; Owner: admin
--

COPY public.farm_measurement_unit (id, description, code) FROM stdin;
1	Acre	1
2	Hectare	2
3	Pole	3
4	Rope	4
5	Plot	5
\.


--
-- TOC entry 4067 (class 0 OID 74613)
-- Dependencies: 244
-- Data for Name: floor; Type: TABLE DATA; Schema: public; Owner: admin
--

COPY public.floor (id, description, code) FROM stdin;
1	Earth/Mud	1
2	Cement/Concrete	2
3	Stone	3
4	Burnt bricks	4
5	Wood	5
6	Vinyl tiles	6
7	Ceramic/Porcelain/Granite/Marble tiles	7
8	Terrazzo/Terrazzo tiles	8
9	Other (Specify)	9
\.


--
-- TOC entry 4105 (class 0 OID 75518)
-- Dependencies: 282
-- Data for Name: household_roster_absent; Type: TABLE DATA; Schema: public; Owner: admin
--

COPY public.household_roster_absent (id, fname, relationship_type, sex, status, months_absent, destination, questionaire_id, nationality_id, dob, ethnicity_id, birth_place_id, religion_id, marital_status_id, language_literacy_id, schooling_level_id, employment_sector_id, employment_status_id, sight_diasability, hearing_disability, speech_disability, physical_disability, intellect_disabiity, emotional_disability, other_disabilities) FROM stdin;
\.


--
-- TOC entry 4107 (class 0 OID 75594)
-- Dependencies: 284
-- Data for Name: household_roster_emigrated; Type: TABLE DATA; Schema: public; Owner: admin
--

COPY public.household_roster_emigrated (id, fname, relationship_type, destination, sex, age, status, year_of_departure, activity_abroad, quesstionaire_id, nationality_id, dob, ethnicity_id, birth_place_id, religion_id, marital_status_id, language_literacy_id, schooling_level_id, employment_sector_id, employment_status_id, sight_diasability, hearing_disability, speech_disability, physical_disability, intellect_disabiity, emotional_disability, other_disabilities) FROM stdin;
1	Ethan	1	19	M	35	f	2015	3	3	1	1990-01-30	1	1	1	1	1	5	3	1	f	f	f	f	f	f	false
2	Amelia	2	19	F	30	f	2018	1	9	2	1993-02-14	2	1	1	1	1	5	3	1	f	f	f	f	f	f	false
3	Lucas	3	22	M	40	f	2012	2	10	3	1983-03-05	3	2	2	1	1	4	3	1	f	t	f	f	f	f	false
4	Emma	6	19	F	25	f	2019	1	11	1	1998-06-22	1	1	1	2	1	5	3	1	f	f	f	f	f	f	false
5	Olivia	7	21	F	20	f	2021	3	13	2	2003-12-25	3	3	2	1	1	3	1	1	f	t	f	f	f	f	false
6	Mason	1	20	M	45	f	2010	2	14	1	1975-10-19	1	1	1	1	1	7	5	1	f	f	f	f	f	f	false
7	Ava	4	19	F	32	f	2017	3	15	2	1991-07-04	2	2	2	1	1	4	3	1	t	f	t	f	f	f	false
8	Sophia	9	21	F	28	f	2020	2	16	3	1995-03-13	3	3	1	2	1	4	3	1	f	f	f	f	f	f	false
9	Liam	2	19	M	38	f	2015	1	17	1	1987-06-21	1	1	1	1	1	5	3	1	f	f	f	f	f	f	false
10	Mia	3	20	F	29	f	2019	1	18	2	1994-11-10	2	2	1	2	1	4	3	1	f	f	f	f	f	f	false
11	Ethan	1	19	M	35	f	2015	3	3	1	1990-01-30	1	1	1	1	1	5	3	1	f	f	f	f	f	f	false
12	Amelia	2	19	F	30	f	2018	1	9	2	1993-02-14	2	1	1	1	1	5	3	1	f	f	f	f	f	f	false
13	Lucas	3	22	M	40	f	2012	2	10	3	1983-03-05	3	2	2	1	1	4	3	1	f	t	f	f	f	f	false
14	Emma	6	19	F	25	f	2019	1	11	1	1998-06-22	1	1	1	2	1	5	3	1	f	f	f	f	f	f	false
15	Olivia	7	21	F	20	f	2021	3	13	2	2003-12-25	3	3	2	1	1	3	1	1	f	t	f	f	f	f	false
16	Mason	1	20	M	45	f	2010	1	14	1	1975-10-19	1	1	1	1	1	7	5	1	f	f	f	f	f	f	false
17	Ava	4	19	F	32	f	2017	1	15	2	1991-07-04	2	2	2	1	1	4	3	1	t	f	t	f	f	f	false
18	Sophia	9	21	F	28	f	2020	3	16	3	1995-03-13	3	3	1	2	1	4	3	1	f	f	f	f	f	f	false
19	Liam	2	19	M	38	f	2015	1	17	1	1987-06-21	1	1	1	1	1	5	3	1	f	f	f	f	f	f	false
20	Mia	3	20	F	29	f	2019	1	18	2	1994-11-10	2	2	1	2	1	4	3	1	f	f	f	f	f	f	false
\.


--
-- TOC entry 4048 (class 0 OID 66307)
-- Dependencies: 225
-- Data for Name: household_roster_present; Type: TABLE DATA; Schema: public; Owner: admin
--

COPY public.household_roster_present (id, fname, relationship_type, sex, status, questionnaire_id, nationality_id, dob, ethnicity_id, birth_place_id, religion_id, marital_status_id, language_literacy_id, schooling_level_id, employment_sector_id, employment_status_id, sight_diasability, hearing_disability, speech_disability, physical_disability, intellect_disabiity, emotional_disability, other_disabilities) FROM stdin;
11	John	1	M	t	3	1	1990-06-15	1	1	1	1	1	4	3	1	f	f	f	f	f	f	false
12	Mary	2	F	t	3	1	1992-08-20	1	1	1	1	1	5	4	2	f	f	f	f	f	f	false
13	Emma	3	F	t	9	2	2012-05-11	2	2	1	1	1	5	3	1	f	f	f	f	f	f	false
14	Robert	1	M	t	10	3	1985-03-25	3	3	2	2	2	3	2	1	f	t	f	f	f	f	false
15	Alice	4	F	t	11	3	1960-12-30	3	3	2	1	2	4	3	1	f	f	f	f	f	f	false
16	David	1	M	t	13	2	1995-09-17	2	2	2	2	2	4	3	1	f	f	f	f	f	t	false
17	Sophia	2	F	t	14	1	1993-04-03	1	1	1	1	1	4	3	2	f	f	f	f	f	f	false
18	Liam	3	M	t	15	1	2010-01-29	1	1	1	1	1	3	2	1	t	f	f	f	f	f	false
19	Mia	6	F	t	16	2	2015-11-18	2	1	2	1	1	3	1	1	f	f	t	f	f	f	false
20	Oliver	1	M	t	17	1	2000-07-05	1	1	1	1	1	7	5	1	f	f	f	f	f	f	false
\.


--
-- TOC entry 4055 (class 0 OID 74563)
-- Dependencies: 232
-- Data for Name: language_literacy; Type: TABLE DATA; Schema: public; Owner: admin
--

COPY public.language_literacy (id, description, code) FROM stdin;
1	None (not literate)	1
2	English only	2
3	Ghanaian language only	3
4	English and Ghanaian language	4
5	English and French	5
6	English, French and Ghanaian language	6
7	Other (Specify)	7
\.


--
-- TOC entry 4073 (class 0 OID 74637)
-- Dependencies: 250
-- Data for Name: lighting; Type: TABLE DATA; Schema: public; Owner: admin
--

COPY public.lighting (id, description, code) FROM stdin;
1	Electricity (mains)	1
2	Electricity (private generator)	2
3	Kerosene lamp	3
4	Gas lamp	4
5	Solar energy	5
6	Candle	6
7	Flashlight/Torch	7
8	Firewood	8
9	Crop residue	9
10	Other (Specify)	10
\.


--
-- TOC entry 4091 (class 0 OID 74756)
-- Dependencies: 268
-- Data for Name: liquid_waste_disposal; Type: TABLE DATA; Schema: public; Owner: admin
--

COPY public.liquid_waste_disposal (id, description, code) FROM stdin;
1	Through the sewage system	1
2	Through drainage system into a gutter	2
3	Through drainage into a pit (soak away)	3
4	Thrown onto the street/outside	4
5	Thrown into gutter	5
6	Thrown onto compound	6
7	Other (Specify)	7
\.


--
-- TOC entry 4113 (class 0 OID 75707)
-- Dependencies: 290
-- Data for Name: livestock_or_fish; Type: TABLE DATA; Schema: public; Owner: admin
--

COPY public.livestock_or_fish (id, description, code) FROM stdin;
1	Cattle	01
2	Goats	02
3	Sheep	03
4	Poultry	04
5	Pigs	05
6	Fish (pond farming)	06
7	Fish (open water farming)	07
8	Rabbits	08
9	Ducks	09
10	Bees (Apiary)	10
11	Snails	11
12	Turkeys	12
13	Guinea Fowls	13
14	Donkeys	14
15	Horses	15
16	Camels	16
17	Quails	17
18	Geese	18
19	Dogs	19
20	Cats	20
\.


--
-- TOC entry 4045 (class 0 OID 58145)
-- Dependencies: 222
-- Data for Name: localities; Type: TABLE DATA; Schema: public; Owner: admin
--

COPY public.localities (id, "subdistrictID", name) FROM stdin;
1	1	Abossey Okai Central
2	1	Kaneshie Market
3	2	British Accra
4	3	Labadi
5	4	Community 1 Market
6	4	Community 1 Residential Area
7	5	Fishing Harbour
8	6	Fomena Town
9	6	New Edubiase Central
10	7	Kwabenya Hills
11	7	Ashongman Estates
12	8	Winneba Town
13	8	Winneba Junction
14	9	Kpedze Central
15	10	Agona Market
16	10	Nyakrom Town
17	11	Mpraeso Central
18	12	Mpraeso Junction
19	13	Techiman Central
20	13	Tanoso Junction
21	14	Sunyani Estates
22	14	Odumase Junction
23	15	Savelugu Market
24	15	Diare Township
25	16	Zuarungu Central
26	16	Bolgatanga Estates
27	17	Osu Central
28	17	Osu Castle Area
\.


--
-- TOC entry 4053 (class 0 OID 74553)
-- Dependencies: 230
-- Data for Name: marital_status; Type: TABLE DATA; Schema: public; Owner: admin
--

COPY public.marital_status (id, description, code) FROM stdin;
1	Never married	1
2	Informal/consensual union/living together	2
3	Married	3
4	Separated	4
5	Divorced	5
6	Widowed	6
\.


--
-- TOC entry 4103 (class 0 OID 75497)
-- Dependencies: 280
-- Data for Name: mortality; Type: TABLE DATA; Schema: public; Owner: admin
--

COPY public.mortality (id, name, sex, age_at_death, accident, pregnancy, questionaire_id) FROM stdin;
\.


--
-- TOC entry 4134 (class 0 OID 75876)
-- Dependencies: 311
-- Data for Name: nationality; Type: TABLE DATA; Schema: public; Owner: admin
--

COPY public.nationality (id, description, code) FROM stdin;
1	Ghanaian by birth	01
2	Other ECOWAS National	11
3	Dual Nationality	02
4	African, other than ECOWAS	12
5	Ghanaian by	03
6	European	13
7	American (North, South/Caribbean)	14
8	Nigerian	04
9	Liberian	05
10	Asian	15
11	Sierra Leonean	06
12	Oceanian (incl. Australian/New Zealander)	16
13	Gambian	07
14	Togolese	08
15	Burkinabe	09
16	Ivorian	10
\.


--
-- TOC entry 4065 (class 0 OID 74605)
-- Dependencies: 242
-- Data for Name: outer_wall; Type: TABLE DATA; Schema: public; Owner: admin
--

COPY public.outer_wall (id, description, code) FROM stdin;
1	Mud bricks/earth	01
2	Wood	02
3	Metal sheet/slate/asbestos	03
4	Stone	04
5	Burnt bricks	05
6	Cement blocks/concrete	06
7	Landcrete	07
8	Bamboo	08
9	Palm leaves/Thatch (grass)/Raffia	09
10	Other (Specify)	10
\.


--
-- TOC entry 4071 (class 0 OID 74629)
-- Dependencies: 248
-- Data for Name: ownership_type; Type: TABLE DATA; Schema: public; Owner: admin
--

COPY public.ownership_type (id, description, code) FROM stdin;
1	Owned by household member	1
2	Being purchased (e.g. Mortgage)	2
3	Relative not household member	3
4	Other private individual	4
5	Private employer	5
6	Other private agency	6
7	Public/Government ownership	7
8	Other (Specify)	8
\.


--
-- TOC entry 4101 (class 0 OID 75096)
-- Dependencies: 278
-- Data for Name: questionnaire; Type: TABLE DATA; Schema: public; Owner: admin
--

COPY public.questionnaire (id, code, region_id, district_type_id, district_id, sub_district_id, locality_id, household_members_male, household_members_female, enumerator_id, household_visitors_male, household_visitors_female, date_started, household_address, ecg_or_vra_number, date_completed, household_number, dwelling_type_id, roof_type_id, outer_wall_type_id, floor_type_id, tenure_type_id, ownership_type_id, household_rooms, bedrooms, shared_rooms, lighting_type_id, drinking_water_id, domestic_water_id, cooking_fuel_id, cooking_space_id, bathing_facilities_id, toilet_facilities_id, toilet_facilities_shared_id, households_per_toilet_facility, solid_waste_disposal_id, liquid_waste_disposal_id, deceased, fixed_tel_line, desktop_or_laptop, total_visits, residence_type_id, crop_farming, tree_growing, livestock_rearing, fish_farming, males_in_agric, females_in_agric, crop_type_id, farm_measurement_unit_id, livestock_or_fish_id) FROM stdin;
3	Q001	1	1	1	1	1	4	3	1	0	0	2025-01-01	123 Main St	ECG001	2025-01-10	HH001	11	1	1	1	1	1	4	2	f	1	1	1	1	1	1	1	1	1	1	1	f	t	f	1	1	t	t	f	t	2	3	1	1	1
9	Q002	1	1	1	2	1	5	4	2	1	1	2025-01-05	456 Oak St	ECG002	2025-01-15	HH002	12	2	2	2	1	1	5	3	f	2	2	1	1	1	2	1	1	1	2	2	t	f	t	2	1	t	t	t	f	3	2	1	1	2
10	Q003	1	1	2	1	2	3	5	1	0	0	2025-01-07	789 Pine St	ECG003	2025-01-12	HH003	13	1	1	3	2	1	3	2	t	2	3	1	2	1	1	1	1	1	1	1	f	t	f	1	1	t	f	t	f	2	1	1	2	1
11	Q004	2	2	3	3	4	6	4	3	0	1	2025-01-03	101 Maple St	ECG004	2025-01-14	HH004	13	1	2	1	1	2	4	3	f	1	2	1	1	2	2	1	2	1	2	2	f	t	t	1	2	t	t	t	t	3	2	1	2	1
12	Q005	2	2	2	4	3	4	5	2	1	0	2025-01-02	234 Birch St	ECG005	2025-01-13	HH005	15	2	1	2	1	1	6	4	f	1	3	1	1	1	2	1	2	2	1	1	t	f	f	1	1	t	f	t	f	4	3	2	2	2
13	Q006	3	1	5	2	5	3	3	1	2	2	2025-01-08	567 Cedar St	ECG006	2025-01-18	HH006	14	1	1	1	1	1	3	2	f	2	2	1	1	1	1	1	1	1	2	2	t	t	t	2	2	f	t	f	t	2	3	1	1	1
14	Q007	3	2	6	3	6	7	6	3	1	1	2025-01-09	890 Fir St	ECG007	2025-01-20	HH007	14	2	2	3	2	2	6	4	t	2	2	1	2	1	3	1	2	2	1	1	f	t	t	2	2	f	t	f	t	3	3	1	2	2
15	Q008	2	1	7	4	2	5	5	2	2	1	2025-01-06	321 Cedar St	ECG008	2025-01-17	HH008	12	2	1	2	2	1	5	3	f	1	3	1	2	1	1	1	2	2	2	1	t	t	f	2	2	f	f	t	f	3	2	2	1	1
16	Q009	1	2	5	2	3	6	4	1	1	0	2025-01-04	432 Pine St	ECG009	2025-01-16	HH009	11	2	1	3	1	2	5	3	t	2	4	2	1	1	2	1	1	2	1	1	t	f	t	1	2	t	t	f	t	2	3	1	2	2
17	Q010	1	1	4	2	5	8	7	2	2	1	2025-01-10	654 Oak St	ECG010	2025-01-19	HH010	16	3	2	1	1	1	7	5	f	1	5	2	1	2	3	1	1	1	1	1	f	t	f	1	2	f	f	t	t	4	2	2	1	1
18	Q011	3	1	8	1	2	4	4	1	0	0	2025-01-11	567 Birch St	ECG011	2025-01-21	HH011	18	2	2	2	1	1	4	2	t	2	2	1	1	2	1	2	1	1	1	2	t	t	f	1	1	t	f	t	f	3	3	1	1	2
19	Q012	1	1	9	3	7	3	2	3	1	0	2025-01-12	890 Maple St	ECG012	2025-01-22	HH012	17	1	1	1	2	2	3	2	f	1	2	1	1	1	1	1	1	1	2	1	f	t	t	2	2	t	t	f	f	1	2	1	1	1
20	Q013	2	2	3	5	4	5	6	2	1	1	2025-01-13	123 Oak St	ECG013	2025-01-23	HH013	16	2	2	2	1	2	6	4	f	1	3	2	1	1	2	1	2	1	1	1	t	f	t	2	1	f	t	t	t	2	3	2	2	2
21	Q014	3	1	6	2	3	4	5	1	2	2	2025-01-14	345 Cedar St	ECG014	2025-01-24	HH014	20	2	1	2	1	1	4	3	t	1	3	1	2	2	1	1	2	1	2	2	t	t	f	1	1	f	f	t	t	4	1	1	1	1
22	Q015	2	1	2	4	5	6	4	2	1	0	2025-01-15	678 Pine St	ECG015	2025-01-25	HH015	16	1	1	3	1	2	5	4	t	2	4	2	1	1	2	2	1	1	1	2	f	t	t	2	1	t	f	t	f	2	3	2	1	2
23	Q016	1	2	4	1	6	7	5	1	0	1	2025-01-16	890 Oak St	ECG016	2025-01-26	HH016	12	2	1	3	2	1	6	4	f	2	3	2	1	1	3	2	1	2	1	1	t	t	t	2	2	t	t	f	t	3	3	1	2	1
\.


--
-- TOC entry 4039 (class 0 OID 58085)
-- Dependencies: 216
-- Data for Name: region_and_country_codes; Type: TABLE DATA; Schema: public; Owner: admin
--

COPY public.region_and_country_codes (id, name, code) FROM stdin;
1	Western	01
2	Central	02
3	Greater Accra	03
4	Volta	04
5	Eastern	05
6	Ashanti	06
7	Brong Ahafo	07
8	Northern	08
9	Upper East	09
10	Upper West	10
11	Nigeria	11
12	Liberia	12
13	Sierra Leone	13
14	Gambia	14
15	Togo	15
16	Burkina Faso	16
17	Cote d\\'Ivoire	17
18	Africa, Other than ECOWAS	18
19	Europe	19
20	Americas (North, South/ Caribbean)	20
21	Asia	21
22	Oceania	22
\.


--
-- TOC entry 4047 (class 0 OID 66276)
-- Dependencies: 224
-- Data for Name: relationship_codes; Type: TABLE DATA; Schema: public; Owner: admin
--

COPY public.relationship_codes (id, description, code) FROM stdin;
1	Head	01
2	Spouse	02
3	Child	03
4	Parent	04
5	in-law	05
6	Grandchild	06
7	Sibling	07
8	Step child	08
9	Foster child	09
10	Other relative	10
11	Non-relative	11
\.


--
-- TOC entry 4136 (class 0 OID 75890)
-- Dependencies: 313
-- Data for Name: religion; Type: TABLE DATA; Schema: public; Owner: admin
--

COPY public.religion (id, description, code) FROM stdin;
1	No Religion	1
2	Catholic	2
3	Protestant (Anglican, Lutheran, Presbyterian, Methodist, etc)	3
4	Pentecostal/Charismatic	4
5	Other Christian	5
6	Islam	6
7	Ahmadi	7
8	Traditionalist	8
\.


--
-- TOC entry 4099 (class 0 OID 74801)
-- Dependencies: 276
-- Data for Name: residence_type; Type: TABLE DATA; Schema: public; Owner: admin
--

COPY public.residence_type (id, description, code) FROM stdin;
1	Urban	01
2	Rural	02
3	Peri-Urban	03
4	Informal Settlement	04
5	High-Density Residential Area	05
6	Low-Density Residential Area	06
7	Temporary Structure	07
8	Mixed-Use Residential/Commercial	08
\.


--
-- TOC entry 4063 (class 0 OID 74597)
-- Dependencies: 240
-- Data for Name: roof; Type: TABLE DATA; Schema: public; Owner: admin
--

COPY public.roof (id, description, code) FROM stdin;
1	Mud/Mud bricks/Earth	1
2	Wood	2
3	Metal sheet	3
4	Slate/Asbestos	4
5	Cement/Concrete	5
6	Roofing Tiles	6
7	Bamboo	7
8	Thatch/Palm leaves or Raffia	8
9	Other (Specify)	9
10	Electricity (mains)	01
11	Electricity (private generator)	02
12	Kerosene lamp	03
13	Gas lamp	04
14	Solar energy	05
15	Candle	06
16	Flashlight/Torch	07
17	Firewood	08
18	Crop residue	09
19	Other (Specify)	10
\.


--
-- TOC entry 4057 (class 0 OID 74573)
-- Dependencies: 234
-- Data for Name: schooling_level; Type: TABLE DATA; Schema: public; Owner: admin
--

COPY public.schooling_level (id, description, code) FROM stdin;
1	Nursery	01
2	Kindergarten	02
3	Primary	03
4	JSS/JHS	04
5	Middle	05
6	SSS/SHS	06
7	Secondary	07
8	Voc/technical/commercial	08
9	Post middle/secondary certificate (teacher training/college of education, agric, nursing, etc)	09
10	Post secondary Diploma (University diploma, HND, teacher training/college of education diploma, etc)	10
11	Bachelor degree	11
12	Post graduate (Cert., Diploma, Masters, PHD, etc)	12
\.


--
-- TOC entry 4089 (class 0 OID 74746)
-- Dependencies: 266
-- Data for Name: solid_waste_disposal; Type: TABLE DATA; Schema: public; Owner: admin
--

COPY public.solid_waste_disposal (id, description, code) FROM stdin;
1	Collected	1
2	Burned by household	2
3	Public dump (Container)	3
4	Public dump (Open space)	4
5	Dumped indiscriminately	5
6	Buried by household	6
7	Other (Specify)	7
\.


--
-- TOC entry 4138 (class 0 OID 75904)
-- Dependencies: 315
-- Data for Name: subdistricts; Type: TABLE DATA; Schema: public; Owner: admin
--

COPY public.subdistricts (id, districtid, name) FROM stdin;
1	1	Abossey Okai
2	1	Jamestown
3	1	Osu
4	2	Tema Community 1
5	2	Tema Community 2
6	2	Tema Manhean
7	3	Fomena
8	3	New Edubiase
9	3	Obuasi Central
10	4	Kwabenya
11	4	Ashongman
12	5	Agona Swedru
13	5	Nyakrom
14	6	Kwahu Tafo
15	6	Mpraeso
16	7	Winneba
17	7	Simpa
18	8	Dzolokpuita
19	8	Kpedze
20	9	Techiman
21	9	Tanoso
22	10	Sunyani Central
23	10	Odumase
24	11	Savelugu
25	11	Diare
26	12	Bolgatanga Central
27	12	Zuarungu
\.


--
-- TOC entry 4093 (class 0 OID 74766)
-- Dependencies: 270
-- Data for Name: supervisor; Type: TABLE DATA; Schema: public; Owner: admin
--

COPY public.supervisor (id, name, phone) FROM stdin;
1	John Doe	5550101
2	Jane Smith	5550102
3	Michael Johnson	5550103
4	Emily Davis	5550104
5	Chris Brown	5550105
6	Sarah Lee	5550106
7	David Wilson	5550107
8	Samantha Harris	5550108
9	Daniel Moore	5550109
10	Olivia Taylor	5550110
11	Liam Anderson	5550111
12	Sophia Thomas	5550112
13	James Jackson	5550113
14	Charlotte White	5550114
15	Benjamin Martin	5550115
16	Test Master	123456890
\.


--
-- TOC entry 4069 (class 0 OID 74621)
-- Dependencies: 246
-- Data for Name: tenure; Type: TABLE DATA; Schema: public; Owner: admin
--

COPY public.tenure (id, description, code) FROM stdin;
1	Owner occupied	1
2	Renting	2
3	Rent-free	3
4	Perching	4
5	Squatting	5
6	Other (Specify)	6
\.


--
-- TOC entry 4083 (class 0 OID 74716)
-- Dependencies: 260
-- Data for Name: toilet_facilities; Type: TABLE DATA; Schema: public; Owner: admin
--

COPY public.toilet_facilities (id, description, code) FROM stdin;
1	No facility (e.g. bush/beach/field)	1
2	W.C.	2
3	Pit latrine	3
4	KVIP	4
5	Bucket/Pan	5
6	Public toilet (e.g. WC, KVIP, Pit, Pan)	6
7	Other (Specify)	7
\.


--
-- TOC entry 4087 (class 0 OID 74736)
-- Dependencies: 264
-- Data for Name: toilet_facilities_shared; Type: TABLE DATA; Schema: public; Owner: admin
--

COPY public.toilet_facilities_shared (id, description, code) FROM stdin;
1	Yes, with other household(s) in same house	1
2	Yes, with other household(s) in different house	2
3	Yes, with other household(s) and located in different house	3
4	No	4
\.


--
-- TOC entry 4140 (class 0 OID 75919)
-- Dependencies: 317
-- Data for Name: user_activity_log; Type: TABLE DATA; Schema: public; Owner: admin
--

COPY public.user_activity_log (id, table_name, operation_type, record_id, changed_at) FROM stdin;
1	supervisor	INSERT	16	2025-01-21 09:57:03.546302
\.


--
-- TOC entry 4085 (class 0 OID 74726)
-- Dependencies: 262
-- Data for Name: water_supply_domestic; Type: TABLE DATA; Schema: public; Owner: admin
--

COPY public.water_supply_domestic (id, description, code) FROM stdin;
1	Pipe-borne inside dwelling	01
2	Pipe-borne outside dwelling	02
3	Public tap/Standpipe	03
4	Borehole/Pump/Tubewell	04
5	Protected well	05
6	Rain water	06
7	Protected spring	07
8	Tanker supply/Vendor provided	08
9	Unprotected well	09
10	Unprotected spring	10
11	River/Stream	11
12	Dugout/Pond/Lake/Dam/Canal	12
13	Other (Specify)	13
\.


--
-- TOC entry 4075 (class 0 OID 74645)
-- Dependencies: 252
-- Data for Name: water_supply_drinking; Type: TABLE DATA; Schema: public; Owner: admin
--

COPY public.water_supply_drinking (id, description, code) FROM stdin;
1	Pipe-borne inside dwelling	01
2	Pipe-borne outside dwelling	02
3	Public tap/Standpipe	03
4	Borehole/Pump/Tube well	04
5	Protected well	05
6	Rain water	06
7	Protected spring	07
8	Bottled water	08
9	Sachet water	09
10	Tanker supply/Vendor provided	10
11	Unprotected well	11
12	Unprotected spring	12
13	River/Stream	13
14	Dugout/Pond/Lake/Dam/Canal	14
15	Other (Specify)	15
\.


--
-- TOC entry 4154 (class 0 OID 0)
-- Dependencies: 215
-- Name: Regions_id_seq; Type: SEQUENCE SET; Schema: public; Owner: admin
--

SELECT pg_catalog.setval('public."Regions_id_seq"', 22, true);


--
-- TOC entry 4155 (class 0 OID 0)
-- Dependencies: 227
-- Name: activity_abroad_codes_id_seq; Type: SEQUENCE SET; Schema: public; Owner: admin
--

SELECT pg_catalog.setval('public.activity_abroad_codes_id_seq', 3, true);


--
-- TOC entry 4156 (class 0 OID 0)
-- Dependencies: 297
-- Name: auth_group_id_seq; Type: SEQUENCE SET; Schema: public; Owner: admin
--

SELECT pg_catalog.setval('public.auth_group_id_seq', 1, false);


--
-- TOC entry 4157 (class 0 OID 0)
-- Dependencies: 299
-- Name: auth_group_permissions_id_seq; Type: SEQUENCE SET; Schema: public; Owner: admin
--

SELECT pg_catalog.setval('public.auth_group_permissions_id_seq', 1, false);


--
-- TOC entry 4158 (class 0 OID 0)
-- Dependencies: 295
-- Name: auth_permission_id_seq; Type: SEQUENCE SET; Schema: public; Owner: admin
--

SELECT pg_catalog.setval('public.auth_permission_id_seq', 192, true);


--
-- TOC entry 4159 (class 0 OID 0)
-- Dependencies: 303
-- Name: auth_user_groups_id_seq; Type: SEQUENCE SET; Schema: public; Owner: admin
--

SELECT pg_catalog.setval('public.auth_user_groups_id_seq', 1, false);


--
-- TOC entry 4160 (class 0 OID 0)
-- Dependencies: 301
-- Name: auth_user_id_seq; Type: SEQUENCE SET; Schema: public; Owner: admin
--

SELECT pg_catalog.setval('public.auth_user_id_seq', 1, false);


--
-- TOC entry 4161 (class 0 OID 0)
-- Dependencies: 305
-- Name: auth_user_user_permissions_id_seq; Type: SEQUENCE SET; Schema: public; Owner: admin
--

SELECT pg_catalog.setval('public.auth_user_user_permissions_id_seq', 1, false);


--
-- TOC entry 4162 (class 0 OID 0)
-- Dependencies: 257
-- Name: bathing_facilities_id_seq; Type: SEQUENCE SET; Schema: public; Owner: admin
--

SELECT pg_catalog.setval('public.bathing_facilities_id_seq', 9, true);


--
-- TOC entry 4163 (class 0 OID 0)
-- Dependencies: 253
-- Name: cooking_fuel_id_seq; Type: SEQUENCE SET; Schema: public; Owner: admin
--

SELECT pg_catalog.setval('public.cooking_fuel_id_seq', 10, true);


--
-- TOC entry 4164 (class 0 OID 0)
-- Dependencies: 255
-- Name: cooking_space_id_seq; Type: SEQUENCE SET; Schema: public; Owner: admin
--

SELECT pg_catalog.setval('public.cooking_space_id_seq', 8, true);


--
-- TOC entry 4165 (class 0 OID 0)
-- Dependencies: 285
-- Name: crop_type_id_seq; Type: SEQUENCE SET; Schema: public; Owner: admin
--

SELECT pg_catalog.setval('public.crop_type_id_seq', 8, true);


--
-- TOC entry 4166 (class 0 OID 0)
-- Dependencies: 217
-- Name: district_types_id_seq; Type: SEQUENCE SET; Schema: public; Owner: admin
--

SELECT pg_catalog.setval('public.district_types_id_seq', 3, true);


--
-- TOC entry 4167 (class 0 OID 0)
-- Dependencies: 219
-- Name: districts_id_seq; Type: SEQUENCE SET; Schema: public; Owner: admin
--

SELECT pg_catalog.setval('public.districts_id_seq', 29, true);


--
-- TOC entry 4168 (class 0 OID 0)
-- Dependencies: 307
-- Name: django_admin_log_id_seq; Type: SEQUENCE SET; Schema: public; Owner: admin
--

SELECT pg_catalog.setval('public.django_admin_log_id_seq', 1, false);


--
-- TOC entry 4169 (class 0 OID 0)
-- Dependencies: 293
-- Name: django_content_type_id_seq; Type: SEQUENCE SET; Schema: public; Owner: admin
--

SELECT pg_catalog.setval('public.django_content_type_id_seq', 48, true);


--
-- TOC entry 4170 (class 0 OID 0)
-- Dependencies: 291
-- Name: django_migrations_id_seq; Type: SEQUENCE SET; Schema: public; Owner: admin
--

SELECT pg_catalog.setval('public.django_migrations_id_seq', 19, true);


--
-- TOC entry 4171 (class 0 OID 0)
-- Dependencies: 273
-- Name: dwelling_type_id_seq; Type: SEQUENCE SET; Schema: public; Owner: admin
--

SELECT pg_catalog.setval('public.dwelling_type_id_seq', 20, true);


--
-- TOC entry 4172 (class 0 OID 0)
-- Dependencies: 237
-- Name: employment_sector_id_seq; Type: SEQUENCE SET; Schema: public; Owner: admin
--

SELECT pg_catalog.setval('public.employment_sector_id_seq', 6, true);


--
-- TOC entry 4173 (class 0 OID 0)
-- Dependencies: 235
-- Name: employment_status_id_seq; Type: SEQUENCE SET; Schema: public; Owner: admin
--

SELECT pg_catalog.setval('public.employment_status_id_seq', 8, true);


--
-- TOC entry 4174 (class 0 OID 0)
-- Dependencies: 271
-- Name: enumerator_id_seq; Type: SEQUENCE SET; Schema: public; Owner: admin
--

SELECT pg_catalog.setval('public.enumerator_id_seq', 31, true);


--
-- TOC entry 4175 (class 0 OID 0)
-- Dependencies: 318
-- Name: enumerator_partitioned_id_seq; Type: SEQUENCE SET; Schema: public; Owner: admin
--

SELECT pg_catalog.setval('public.enumerator_partitioned_id_seq', 3, true);


--
-- TOC entry 4176 (class 0 OID 0)
-- Dependencies: 323
-- Name: ethnicity_id_seq; Type: SEQUENCE SET; Schema: public; Owner: admin
--

SELECT pg_catalog.setval('public.ethnicity_id_seq', 10, true);


--
-- TOC entry 4177 (class 0 OID 0)
-- Dependencies: 287
-- Name: farm_measurement_unit_id_seq; Type: SEQUENCE SET; Schema: public; Owner: admin
--

SELECT pg_catalog.setval('public.farm_measurement_unit_id_seq', 5, true);


--
-- TOC entry 4178 (class 0 OID 0)
-- Dependencies: 243
-- Name: floor_id_seq; Type: SEQUENCE SET; Schema: public; Owner: admin
--

SELECT pg_catalog.setval('public.floor_id_seq', 9, true);


--
-- TOC entry 4179 (class 0 OID 0)
-- Dependencies: 281
-- Name: household_roster_absent_id_seq; Type: SEQUENCE SET; Schema: public; Owner: admin
--

SELECT pg_catalog.setval('public.household_roster_absent_id_seq', 1, false);


--
-- TOC entry 4180 (class 0 OID 0)
-- Dependencies: 283
-- Name: household_roster_emigrated_id_seq; Type: SEQUENCE SET; Schema: public; Owner: admin
--

SELECT pg_catalog.setval('public.household_roster_emigrated_id_seq', 20, true);


--
-- TOC entry 4181 (class 0 OID 0)
-- Dependencies: 226
-- Name: household_roster_present_id_seq; Type: SEQUENCE SET; Schema: public; Owner: admin
--

SELECT pg_catalog.setval('public.household_roster_present_id_seq', 20, true);


--
-- TOC entry 4182 (class 0 OID 0)
-- Dependencies: 231
-- Name: language_literacy_id_seq; Type: SEQUENCE SET; Schema: public; Owner: admin
--

SELECT pg_catalog.setval('public.language_literacy_id_seq', 7, true);


--
-- TOC entry 4183 (class 0 OID 0)
-- Dependencies: 249
-- Name: lighting_id_seq; Type: SEQUENCE SET; Schema: public; Owner: admin
--

SELECT pg_catalog.setval('public.lighting_id_seq', 10, true);


--
-- TOC entry 4184 (class 0 OID 0)
-- Dependencies: 267
-- Name: liquid_waste_disposal_id_seq; Type: SEQUENCE SET; Schema: public; Owner: admin
--

SELECT pg_catalog.setval('public.liquid_waste_disposal_id_seq', 7, true);


--
-- TOC entry 4185 (class 0 OID 0)
-- Dependencies: 289
-- Name: livestock_or_fish_id_seq; Type: SEQUENCE SET; Schema: public; Owner: admin
--

SELECT pg_catalog.setval('public.livestock_or_fish_id_seq', 20, true);


--
-- TOC entry 4186 (class 0 OID 0)
-- Dependencies: 221
-- Name: localities_id_seq; Type: SEQUENCE SET; Schema: public; Owner: admin
--

SELECT pg_catalog.setval('public.localities_id_seq', 28, true);


--
-- TOC entry 4187 (class 0 OID 0)
-- Dependencies: 229
-- Name: marital_status_id_seq; Type: SEQUENCE SET; Schema: public; Owner: admin
--

SELECT pg_catalog.setval('public.marital_status_id_seq', 6, true);


--
-- TOC entry 4188 (class 0 OID 0)
-- Dependencies: 279
-- Name: mortality_id_seq; Type: SEQUENCE SET; Schema: public; Owner: admin
--

SELECT pg_catalog.setval('public.mortality_id_seq', 1, false);


--
-- TOC entry 4189 (class 0 OID 0)
-- Dependencies: 310
-- Name: nationality_id_seq; Type: SEQUENCE SET; Schema: public; Owner: admin
--

SELECT pg_catalog.setval('public.nationality_id_seq', 16, true);


--
-- TOC entry 4190 (class 0 OID 0)
-- Dependencies: 241
-- Name: outer_wall_id_seq; Type: SEQUENCE SET; Schema: public; Owner: admin
--

SELECT pg_catalog.setval('public.outer_wall_id_seq', 10, true);


--
-- TOC entry 4191 (class 0 OID 0)
-- Dependencies: 247
-- Name: ownership_type_id_seq; Type: SEQUENCE SET; Schema: public; Owner: admin
--

SELECT pg_catalog.setval('public.ownership_type_id_seq', 8, true);


--
-- TOC entry 4192 (class 0 OID 0)
-- Dependencies: 277
-- Name: questionnaire_id_seq; Type: SEQUENCE SET; Schema: public; Owner: admin
--

SELECT pg_catalog.setval('public.questionnaire_id_seq', 23, true);


--
-- TOC entry 4193 (class 0 OID 0)
-- Dependencies: 223
-- Name: relationship_types_id_seq; Type: SEQUENCE SET; Schema: public; Owner: admin
--

SELECT pg_catalog.setval('public.relationship_types_id_seq', 12, true);


--
-- TOC entry 4194 (class 0 OID 0)
-- Dependencies: 312
-- Name: religion_id_seq; Type: SEQUENCE SET; Schema: public; Owner: admin
--

SELECT pg_catalog.setval('public.religion_id_seq', 8, true);


--
-- TOC entry 4195 (class 0 OID 0)
-- Dependencies: 275
-- Name: residence_type_id_seq; Type: SEQUENCE SET; Schema: public; Owner: admin
--

SELECT pg_catalog.setval('public.residence_type_id_seq', 8, true);


--
-- TOC entry 4196 (class 0 OID 0)
-- Dependencies: 239
-- Name: roof_id_seq; Type: SEQUENCE SET; Schema: public; Owner: admin
--

SELECT pg_catalog.setval('public.roof_id_seq', 42, true);


--
-- TOC entry 4197 (class 0 OID 0)
-- Dependencies: 233
-- Name: schooling_level_id_seq; Type: SEQUENCE SET; Schema: public; Owner: admin
--

SELECT pg_catalog.setval('public.schooling_level_id_seq', 12, true);


--
-- TOC entry 4198 (class 0 OID 0)
-- Dependencies: 265
-- Name: solid_waste_disposal_id_seq; Type: SEQUENCE SET; Schema: public; Owner: admin
--

SELECT pg_catalog.setval('public.solid_waste_disposal_id_seq', 7, true);


--
-- TOC entry 4199 (class 0 OID 0)
-- Dependencies: 314
-- Name: subdistricts_id_seq; Type: SEQUENCE SET; Schema: public; Owner: admin
--

SELECT pg_catalog.setval('public.subdistricts_id_seq', 27, true);


--
-- TOC entry 4200 (class 0 OID 0)
-- Dependencies: 269
-- Name: supervisor_id_seq; Type: SEQUENCE SET; Schema: public; Owner: admin
--

SELECT pg_catalog.setval('public.supervisor_id_seq', 16, true);


--
-- TOC entry 4201 (class 0 OID 0)
-- Dependencies: 245
-- Name: tenure_id_seq; Type: SEQUENCE SET; Schema: public; Owner: admin
--

SELECT pg_catalog.setval('public.tenure_id_seq', 6, true);


--
-- TOC entry 4202 (class 0 OID 0)
-- Dependencies: 259
-- Name: toilet_facilities_id_seq; Type: SEQUENCE SET; Schema: public; Owner: admin
--

SELECT pg_catalog.setval('public.toilet_facilities_id_seq', 7, true);


--
-- TOC entry 4203 (class 0 OID 0)
-- Dependencies: 263
-- Name: toilet_facilities_shared_id_seq; Type: SEQUENCE SET; Schema: public; Owner: admin
--

SELECT pg_catalog.setval('public.toilet_facilities_shared_id_seq', 4, true);


--
-- TOC entry 4204 (class 0 OID 0)
-- Dependencies: 316
-- Name: user_activity_log_id_seq; Type: SEQUENCE SET; Schema: public; Owner: admin
--

SELECT pg_catalog.setval('public.user_activity_log_id_seq', 1, true);


--
-- TOC entry 4205 (class 0 OID 0)
-- Dependencies: 261
-- Name: water_supply_domestic_id_seq; Type: SEQUENCE SET; Schema: public; Owner: admin
--

SELECT pg_catalog.setval('public.water_supply_domestic_id_seq', 13, true);


--
-- TOC entry 4206 (class 0 OID 0)
-- Dependencies: 251
-- Name: water_supply_id_seq; Type: SEQUENCE SET; Schema: public; Owner: admin
--

SELECT pg_catalog.setval('public.water_supply_id_seq', 15, true);


--
-- TOC entry 3537 (class 2606 OID 58091)
-- Name: region_and_country_codes Regions_pkey; Type: CONSTRAINT; Schema: public; Owner: admin
--

ALTER TABLE ONLY public.region_and_country_codes
    ADD CONSTRAINT "Regions_pkey" PRIMARY KEY (id, name);


--
-- TOC entry 3565 (class 2606 OID 74654)
-- Name: activity_abroad_codes actaukey; Type: CONSTRAINT; Schema: public; Owner: admin
--

ALTER TABLE ONLY public.activity_abroad_codes
    ADD CONSTRAINT actaukey UNIQUE (id, code);


--
-- TOC entry 3753 (class 2606 OID 75863)
-- Name: auth_group auth_group_name_key; Type: CONSTRAINT; Schema: public; Owner: admin
--

ALTER TABLE ONLY public.auth_group
    ADD CONSTRAINT auth_group_name_key UNIQUE (name);


--
-- TOC entry 3758 (class 2606 OID 75794)
-- Name: auth_group_permissions auth_group_permissions_group_id_permission_id_0cd325b0_uniq; Type: CONSTRAINT; Schema: public; Owner: admin
--

ALTER TABLE ONLY public.auth_group_permissions
    ADD CONSTRAINT auth_group_permissions_group_id_permission_id_0cd325b0_uniq UNIQUE (group_id, permission_id);


--
-- TOC entry 3761 (class 2606 OID 75763)
-- Name: auth_group_permissions auth_group_permissions_pkey; Type: CONSTRAINT; Schema: public; Owner: admin
--

ALTER TABLE ONLY public.auth_group_permissions
    ADD CONSTRAINT auth_group_permissions_pkey PRIMARY KEY (id);


--
-- TOC entry 3755 (class 2606 OID 75755)
-- Name: auth_group auth_group_pkey; Type: CONSTRAINT; Schema: public; Owner: admin
--

ALTER TABLE ONLY public.auth_group
    ADD CONSTRAINT auth_group_pkey PRIMARY KEY (id);


--
-- TOC entry 3748 (class 2606 OID 75785)
-- Name: auth_permission auth_permission_content_type_id_codename_01ab375a_uniq; Type: CONSTRAINT; Schema: public; Owner: admin
--

ALTER TABLE ONLY public.auth_permission
    ADD CONSTRAINT auth_permission_content_type_id_codename_01ab375a_uniq UNIQUE (content_type_id, codename);


--
-- TOC entry 3750 (class 2606 OID 75749)
-- Name: auth_permission auth_permission_pkey; Type: CONSTRAINT; Schema: public; Owner: admin
--

ALTER TABLE ONLY public.auth_permission
    ADD CONSTRAINT auth_permission_pkey PRIMARY KEY (id);


--
-- TOC entry 3769 (class 2606 OID 75777)
-- Name: auth_user_groups auth_user_groups_pkey; Type: CONSTRAINT; Schema: public; Owner: admin
--

ALTER TABLE ONLY public.auth_user_groups
    ADD CONSTRAINT auth_user_groups_pkey PRIMARY KEY (id);


--
-- TOC entry 3772 (class 2606 OID 75809)
-- Name: auth_user_groups auth_user_groups_user_id_group_id_94350c0c_uniq; Type: CONSTRAINT; Schema: public; Owner: admin
--

ALTER TABLE ONLY public.auth_user_groups
    ADD CONSTRAINT auth_user_groups_user_id_group_id_94350c0c_uniq UNIQUE (user_id, group_id);


--
-- TOC entry 3763 (class 2606 OID 75769)
-- Name: auth_user auth_user_pkey; Type: CONSTRAINT; Schema: public; Owner: admin
--

ALTER TABLE ONLY public.auth_user
    ADD CONSTRAINT auth_user_pkey PRIMARY KEY (id);


--
-- TOC entry 3775 (class 2606 OID 75783)
-- Name: auth_user_user_permissions auth_user_user_permissions_pkey; Type: CONSTRAINT; Schema: public; Owner: admin
--

ALTER TABLE ONLY public.auth_user_user_permissions
    ADD CONSTRAINT auth_user_user_permissions_pkey PRIMARY KEY (id);


--
-- TOC entry 3778 (class 2606 OID 75823)
-- Name: auth_user_user_permissions auth_user_user_permissions_user_id_permission_id_14a6b632_uniq; Type: CONSTRAINT; Schema: public; Owner: admin
--

ALTER TABLE ONLY public.auth_user_user_permissions
    ADD CONSTRAINT auth_user_user_permissions_user_id_permission_id_14a6b632_uniq UNIQUE (user_id, permission_id);


--
-- TOC entry 3766 (class 2606 OID 75858)
-- Name: auth_user auth_user_username_key; Type: CONSTRAINT; Schema: public; Owner: admin
--

ALTER TABLE ONLY public.auth_user
    ADD CONSTRAINT auth_user_username_key UNIQUE (username);


--
-- TOC entry 3655 (class 2606 OID 74712)
-- Name: bathing_facilities bathfacpkey; Type: CONSTRAINT; Schema: public; Owner: admin
--

ALTER TABLE ONLY public.bathing_facilities
    ADD CONSTRAINT bathfacpkey PRIMARY KEY (id, description);


--
-- TOC entry 3657 (class 2606 OID 74714)
-- Name: bathing_facilities bathfacukey; Type: CONSTRAINT; Schema: public; Owner: admin
--

ALTER TABLE ONLY public.bathing_facilities
    ADD CONSTRAINT bathfacukey UNIQUE (id, description, code);


--
-- TOC entry 3659 (class 2606 OID 75084)
-- Name: bathing_facilities bathingfaci_ukey; Type: CONSTRAINT; Schema: public; Owner: admin
--

ALTER TABLE ONLY public.bathing_facilities
    ADD CONSTRAINT bathingfaci_ukey UNIQUE (id);


--
-- TOC entry 3643 (class 2606 OID 74692)
-- Name: cooking_fuel cookfuepkey; Type: CONSTRAINT; Schema: public; Owner: admin
--

ALTER TABLE ONLY public.cooking_fuel
    ADD CONSTRAINT cookfuepkey PRIMARY KEY (id, description);


--
-- TOC entry 3645 (class 2606 OID 74694)
-- Name: cooking_fuel cookfueukey; Type: CONSTRAINT; Schema: public; Owner: admin
--

ALTER TABLE ONLY public.cooking_fuel
    ADD CONSTRAINT cookfueukey UNIQUE (id, description, code);


--
-- TOC entry 3647 (class 2606 OID 75080)
-- Name: cooking_fuel cookingf_ukey; Type: CONSTRAINT; Schema: public; Owner: admin
--

ALTER TABLE ONLY public.cooking_fuel
    ADD CONSTRAINT cookingf_ukey UNIQUE (id);


--
-- TOC entry 3649 (class 2606 OID 75082)
-- Name: cooking_space cookingspace_ukey; Type: CONSTRAINT; Schema: public; Owner: admin
--

ALTER TABLE ONLY public.cooking_space
    ADD CONSTRAINT cookingspace_ukey UNIQUE (id);


--
-- TOC entry 3651 (class 2606 OID 74702)
-- Name: cooking_space cookspapkey; Type: CONSTRAINT; Schema: public; Owner: admin
--

ALTER TABLE ONLY public.cooking_space
    ADD CONSTRAINT cookspapkey PRIMARY KEY (id, description);


--
-- TOC entry 3653 (class 2606 OID 74704)
-- Name: cooking_space cookspaukey; Type: CONSTRAINT; Schema: public; Owner: admin
--

ALTER TABLE ONLY public.cooking_space
    ADD CONSTRAINT cookspaukey UNIQUE (id, description, code);


--
-- TOC entry 3723 (class 2606 OID 75680)
-- Name: crop_type cropty_pkey; Type: CONSTRAINT; Schema: public; Owner: admin
--

ALTER TABLE ONLY public.crop_type
    ADD CONSTRAINT cropty_pkey PRIMARY KEY (id, description);


--
-- TOC entry 3725 (class 2606 OID 75682)
-- Name: crop_type cropty_ukey; Type: CONSTRAINT; Schema: public; Owner: admin
--

ALTER TABLE ONLY public.crop_type
    ADD CONSTRAINT cropty_ukey UNIQUE (id);


--
-- TOC entry 3727 (class 2606 OID 75684)
-- Name: crop_type croptype_ukey; Type: CONSTRAINT; Schema: public; Owner: admin
--

ALTER TABLE ONLY public.crop_type
    ADD CONSTRAINT croptype_ukey UNIQUE (id, description, code);


--
-- TOC entry 3543 (class 2606 OID 58099)
-- Name: district_types district_types_pkey; Type: CONSTRAINT; Schema: public; Owner: admin
--

ALTER TABLE ONLY public.district_types
    ADD CONSTRAINT district_types_pkey PRIMARY KEY (id, type);


--
-- TOC entry 3547 (class 2606 OID 58117)
-- Name: districts districts_pkey; Type: CONSTRAINT; Schema: public; Owner: admin
--

ALTER TABLE ONLY public.districts
    ADD CONSTRAINT districts_pkey PRIMARY KEY (id, name);


--
-- TOC entry 3781 (class 2606 OID 75844)
-- Name: django_admin_log django_admin_log_pkey; Type: CONSTRAINT; Schema: public; Owner: admin
--

ALTER TABLE ONLY public.django_admin_log
    ADD CONSTRAINT django_admin_log_pkey PRIMARY KEY (id);


--
-- TOC entry 3743 (class 2606 OID 75743)
-- Name: django_content_type django_content_type_app_label_model_76bd3d3b_uniq; Type: CONSTRAINT; Schema: public; Owner: admin
--

ALTER TABLE ONLY public.django_content_type
    ADD CONSTRAINT django_content_type_app_label_model_76bd3d3b_uniq UNIQUE (app_label, model);


--
-- TOC entry 3745 (class 2606 OID 75741)
-- Name: django_content_type django_content_type_pkey; Type: CONSTRAINT; Schema: public; Owner: admin
--

ALTER TABLE ONLY public.django_content_type
    ADD CONSTRAINT django_content_type_pkey PRIMARY KEY (id);


--
-- TOC entry 3741 (class 2606 OID 75735)
-- Name: django_migrations django_migrations_pkey; Type: CONSTRAINT; Schema: public; Owner: admin
--

ALTER TABLE ONLY public.django_migrations
    ADD CONSTRAINT django_migrations_pkey PRIMARY KEY (id);


--
-- TOC entry 3785 (class 2606 OID 75871)
-- Name: django_session django_session_pkey; Type: CONSTRAINT; Schema: public; Owner: admin
--

ALTER TABLE ONLY public.django_session
    ADD CONSTRAINT django_session_pkey PRIMARY KEY (session_key);


--
-- TOC entry 3667 (class 2606 OID 75076)
-- Name: water_supply_domestic domesticwater_ukey; Type: CONSTRAINT; Schema: public; Owner: admin
--

ALTER TABLE ONLY public.water_supply_domestic
    ADD CONSTRAINT domesticwater_ukey UNIQUE (id);


--
-- TOC entry 3637 (class 2606 OID 75078)
-- Name: water_supply_drinking drinkingwater_ukey; Type: CONSTRAINT; Schema: public; Owner: admin
--

ALTER TABLE ONLY public.water_supply_drinking
    ADD CONSTRAINT drinkingwater_ukey UNIQUE (id);


--
-- TOC entry 3699 (class 2606 OID 74875)
-- Name: dwelling_type dwellingt_ukey; Type: CONSTRAINT; Schema: public; Owner: admin
--

ALTER TABLE ONLY public.dwelling_type
    ADD CONSTRAINT dwellingt_ukey UNIQUE (id);


--
-- TOC entry 3701 (class 2606 OID 74797)
-- Name: dwelling_type dweltspkey; Type: CONSTRAINT; Schema: public; Owner: admin
--

ALTER TABLE ONLY public.dwelling_type
    ADD CONSTRAINT dweltspkey PRIMARY KEY (id, description);


--
-- TOC entry 3703 (class 2606 OID 74799)
-- Name: dwelling_type dweltukey; Type: CONSTRAINT; Schema: public; Owner: admin
--

ALTER TABLE ONLY public.dwelling_type
    ADD CONSTRAINT dweltukey UNIQUE (id, description, code);


--
-- TOC entry 3595 (class 2606 OID 75335)
-- Name: employment_sector employmentsector_ukey; Type: CONSTRAINT; Schema: public; Owner: admin
--

ALTER TABLE ONLY public.employment_sector
    ADD CONSTRAINT employmentsector_ukey UNIQUE (id);


--
-- TOC entry 3589 (class 2606 OID 75337)
-- Name: employment_status employmentstatus_ukey; Type: CONSTRAINT; Schema: public; Owner: admin
--

ALTER TABLE ONLY public.employment_status
    ADD CONSTRAINT employmentstatus_ukey UNIQUE (id);


--
-- TOC entry 3591 (class 2606 OID 74658)
-- Name: employment_status empstukey; Type: CONSTRAINT; Schema: public; Owner: admin
--

ALTER TABLE ONLY public.employment_status
    ADD CONSTRAINT empstukey UNIQUE (id, description, code);


--
-- TOC entry 3597 (class 2606 OID 74656)
-- Name: employment_sector empukey; Type: CONSTRAINT; Schema: public; Owner: admin
--

ALTER TABLE ONLY public.employment_sector
    ADD CONSTRAINT empukey UNIQUE (id, description, code);


--
-- TOC entry 3810 (class 2606 OID 75939)
-- Name: enumerator_partitioned enumerator_partitioned_pkey; Type: CONSTRAINT; Schema: public; Owner: admin
--

ALTER TABLE ONLY public.enumerator_partitioned
    ADD CONSTRAINT enumerator_partitioned_pkey PRIMARY KEY (supervisor_id, id);


--
-- TOC entry 3812 (class 2606 OID 75945)
-- Name: enumerator_partition_1 enumerator_partition_1_pkey; Type: CONSTRAINT; Schema: public; Owner: admin
--

ALTER TABLE ONLY public.enumerator_partition_1
    ADD CONSTRAINT enumerator_partition_1_pkey PRIMARY KEY (supervisor_id, id);


--
-- TOC entry 3814 (class 2606 OID 75951)
-- Name: enumerator_partition_2 enumerator_partition_2_pkey; Type: CONSTRAINT; Schema: public; Owner: admin
--

ALTER TABLE ONLY public.enumerator_partition_2
    ADD CONSTRAINT enumerator_partition_2_pkey PRIMARY KEY (supervisor_id, id);


--
-- TOC entry 3816 (class 2606 OID 75957)
-- Name: enumerator_partition_3 enumerator_partition_3_pkey; Type: CONSTRAINT; Schema: public; Owner: admin
--

ALTER TABLE ONLY public.enumerator_partition_3
    ADD CONSTRAINT enumerator_partition_3_pkey PRIMARY KEY (supervisor_id, id);


--
-- TOC entry 3695 (class 2606 OID 74782)
-- Name: enumerator enumeratorpkey; Type: CONSTRAINT; Schema: public; Owner: admin
--

ALTER TABLE ONLY public.enumerator
    ADD CONSTRAINT enumeratorpkey PRIMARY KEY (id);


--
-- TOC entry 3697 (class 2606 OID 74784)
-- Name: enumerator enumeratorukey; Type: CONSTRAINT; Schema: public; Owner: admin
--

ALTER TABLE ONLY public.enumerator
    ADD CONSTRAINT enumeratorukey UNIQUE (id, name, phone);


--
-- TOC entry 3599 (class 2606 OID 74595)
-- Name: employment_sector escpkey; Type: CONSTRAINT; Schema: public; Owner: admin
--

ALTER TABLE ONLY public.employment_sector
    ADD CONSTRAINT escpkey PRIMARY KEY (id, description);


--
-- TOC entry 3593 (class 2606 OID 74587)
-- Name: employment_status espkey; Type: CONSTRAINT; Schema: public; Owner: admin
--

ALTER TABLE ONLY public.employment_status
    ADD CONSTRAINT espkey PRIMARY KEY (id, description);


--
-- TOC entry 3818 (class 2606 OID 84102)
-- Name: ethnicity ethnicity_pkey; Type: CONSTRAINT; Schema: public; Owner: admin
--

ALTER TABLE ONLY public.ethnicity
    ADD CONSTRAINT ethnicity_pkey PRIMARY KEY (id);


--
-- TOC entry 3820 (class 2606 OID 84104)
-- Name: ethnicity ethnicity_ukey; Type: CONSTRAINT; Schema: public; Owner: admin
--

ALTER TABLE ONLY public.ethnicity
    ADD CONSTRAINT ethnicity_ukey UNIQUE (id) INCLUDE (id);


--
-- TOC entry 3822 (class 2606 OID 84106)
-- Name: ethnicity ethnicity_ukey2; Type: CONSTRAINT; Schema: public; Owner: admin
--

ALTER TABLE ONLY public.ethnicity
    ADD CONSTRAINT ethnicity_ukey2 UNIQUE (description);


--
-- TOC entry 3824 (class 2606 OID 84108)
-- Name: ethnicity ethnicityukey3; Type: CONSTRAINT; Schema: public; Owner: admin
--

ALTER TABLE ONLY public.ethnicity
    ADD CONSTRAINT ethnicityukey3 UNIQUE (code);


--
-- TOC entry 3729 (class 2606 OID 75692)
-- Name: farm_measurement_unit farmeasunit_pkey; Type: CONSTRAINT; Schema: public; Owner: admin
--

ALTER TABLE ONLY public.farm_measurement_unit
    ADD CONSTRAINT farmeasunit_pkey PRIMARY KEY (id, description);


--
-- TOC entry 3731 (class 2606 OID 75696)
-- Name: farm_measurement_unit farmeasunit_ukey; Type: CONSTRAINT; Schema: public; Owner: admin
--

ALTER TABLE ONLY public.farm_measurement_unit
    ADD CONSTRAINT farmeasunit_ukey UNIQUE (id, description, code);


--
-- TOC entry 3733 (class 2606 OID 75694)
-- Name: farm_measurement_unit farmeasureun_ukey; Type: CONSTRAINT; Schema: public; Owner: admin
--

ALTER TABLE ONLY public.farm_measurement_unit
    ADD CONSTRAINT farmeasureun_ukey UNIQUE (id);


--
-- TOC entry 3613 (class 2606 OID 74619)
-- Name: floor floorpkey; Type: CONSTRAINT; Schema: public; Owner: admin
--

ALTER TABLE ONLY public.floor
    ADD CONSTRAINT floorpkey PRIMARY KEY (id, description);


--
-- TOC entry 3615 (class 2606 OID 74994)
-- Name: floor floort_ukey; Type: CONSTRAINT; Schema: public; Owner: admin
--

ALTER TABLE ONLY public.floor
    ADD CONSTRAINT floort_ukey UNIQUE (id);


--
-- TOC entry 3617 (class 2606 OID 74660)
-- Name: floor floorukey; Type: CONSTRAINT; Schema: public; Owner: admin
--

ALTER TABLE ONLY public.floor
    ADD CONSTRAINT floorukey UNIQUE (id, description, code);


--
-- TOC entry 3631 (class 2606 OID 75074)
-- Name: lighting light_ukey; Type: CONSTRAINT; Schema: public; Owner: admin
--

ALTER TABLE ONLY public.lighting
    ADD CONSTRAINT light_ukey UNIQUE (id);


--
-- TOC entry 3633 (class 2606 OID 74643)
-- Name: lighting lightingpkey; Type: CONSTRAINT; Schema: public; Owner: admin
--

ALTER TABLE ONLY public.lighting
    ADD CONSTRAINT lightingpkey PRIMARY KEY (id, description);


--
-- TOC entry 3635 (class 2606 OID 74664)
-- Name: lighting lightingukey; Type: CONSTRAINT; Schema: public; Owner: admin
--

ALTER TABLE ONLY public.lighting
    ADD CONSTRAINT lightingukey UNIQUE (id, description, code);


--
-- TOC entry 3685 (class 2606 OID 75092)
-- Name: liquid_waste_disposal liquidwadis_ukey; Type: CONSTRAINT; Schema: public; Owner: admin
--

ALTER TABLE ONLY public.liquid_waste_disposal
    ADD CONSTRAINT liquidwadis_ukey UNIQUE (id);


--
-- TOC entry 3687 (class 2606 OID 74762)
-- Name: liquid_waste_disposal liqwadispkey; Type: CONSTRAINT; Schema: public; Owner: admin
--

ALTER TABLE ONLY public.liquid_waste_disposal
    ADD CONSTRAINT liqwadispkey PRIMARY KEY (id, description);


--
-- TOC entry 3689 (class 2606 OID 74764)
-- Name: liquid_waste_disposal liqwadisukey; Type: CONSTRAINT; Schema: public; Owner: admin
--

ALTER TABLE ONLY public.liquid_waste_disposal
    ADD CONSTRAINT liqwadisukey UNIQUE (id, description, code);


--
-- TOC entry 3577 (class 2606 OID 74569)
-- Name: language_literacy ll_pkey; Type: CONSTRAINT; Schema: public; Owner: admin
--

ALTER TABLE ONLY public.language_literacy
    ADD CONSTRAINT ll_pkey PRIMARY KEY (id);


--
-- TOC entry 3579 (class 2606 OID 74662)
-- Name: language_literacy llitukey; Type: CONSTRAINT; Schema: public; Owner: admin
--

ALTER TABLE ONLY public.language_literacy
    ADD CONSTRAINT llitukey UNIQUE (code);


--
-- TOC entry 3581 (class 2606 OID 74571)
-- Name: language_literacy llukey; Type: CONSTRAINT; Schema: public; Owner: admin
--

ALTER TABLE ONLY public.language_literacy
    ADD CONSTRAINT llukey UNIQUE (id, description);


--
-- TOC entry 3735 (class 2606 OID 75713)
-- Name: livestock_or_fish lof_pkey; Type: CONSTRAINT; Schema: public; Owner: admin
--

ALTER TABLE ONLY public.livestock_or_fish
    ADD CONSTRAINT lof_pkey PRIMARY KEY (id, description);


--
-- TOC entry 3737 (class 2606 OID 75715)
-- Name: livestock_or_fish lof_ukey; Type: CONSTRAINT; Schema: public; Owner: admin
--

ALTER TABLE ONLY public.livestock_or_fish
    ADD CONSTRAINT lof_ukey UNIQUE (id);


--
-- TOC entry 3739 (class 2606 OID 75717)
-- Name: livestock_or_fish lofi_ukey; Type: CONSTRAINT; Schema: public; Owner: admin
--

ALTER TABLE ONLY public.livestock_or_fish
    ADD CONSTRAINT lofi_ukey UNIQUE (id, description, code);


--
-- TOC entry 3571 (class 2606 OID 74559)
-- Name: marital_status marital_status_pkey; Type: CONSTRAINT; Schema: public; Owner: admin
--

ALTER TABLE ONLY public.marital_status
    ADD CONSTRAINT marital_status_pkey PRIMARY KEY (id);


--
-- TOC entry 3573 (class 2606 OID 74666)
-- Name: marital_status mastukey; Type: CONSTRAINT; Schema: public; Owner: admin
--

ALTER TABLE ONLY public.marital_status
    ADD CONSTRAINT mastukey UNIQUE (code);


--
-- TOC entry 3717 (class 2606 OID 75505)
-- Name: mortality mortality_pkey; Type: CONSTRAINT; Schema: public; Owner: admin
--

ALTER TABLE ONLY public.mortality
    ADD CONSTRAINT mortality_pkey PRIMARY KEY (id);


--
-- TOC entry 3575 (class 2606 OID 74561)
-- Name: marital_status ms_ukey; Type: CONSTRAINT; Schema: public; Owner: admin
--

ALTER TABLE ONLY public.marital_status
    ADD CONSTRAINT ms_ukey UNIQUE (id, description);


--
-- TOC entry 3788 (class 2606 OID 75882)
-- Name: nationality nationality_pkey; Type: CONSTRAINT; Schema: public; Owner: admin
--

ALTER TABLE ONLY public.nationality
    ADD CONSTRAINT nationality_pkey PRIMARY KEY (id);


--
-- TOC entry 3790 (class 2606 OID 75884)
-- Name: nationality nationality_ukey; Type: CONSTRAINT; Schema: public; Owner: admin
--

ALTER TABLE ONLY public.nationality
    ADD CONSTRAINT nationality_ukey UNIQUE (id) INCLUDE (id);


--
-- TOC entry 3792 (class 2606 OID 75886)
-- Name: nationality nationality_ukey2; Type: CONSTRAINT; Schema: public; Owner: admin
--

ALTER TABLE ONLY public.nationality
    ADD CONSTRAINT nationality_ukey2 UNIQUE (description);


--
-- TOC entry 3794 (class 2606 OID 75888)
-- Name: nationality nationalityukey3; Type: CONSTRAINT; Schema: public; Owner: admin
--

ALTER TABLE ONLY public.nationality
    ADD CONSTRAINT nationalityukey3 UNIQUE (code);


--
-- TOC entry 3607 (class 2606 OID 74992)
-- Name: outer_wall outw_ukey; Type: CONSTRAINT; Schema: public; Owner: admin
--

ALTER TABLE ONLY public.outer_wall
    ADD CONSTRAINT outw_ukey UNIQUE (id);


--
-- TOC entry 3609 (class 2606 OID 74611)
-- Name: outer_wall outwpkey; Type: CONSTRAINT; Schema: public; Owner: admin
--

ALTER TABLE ONLY public.outer_wall
    ADD CONSTRAINT outwpkey PRIMARY KEY (id, description);


--
-- TOC entry 3611 (class 2606 OID 74668)
-- Name: outer_wall outwukey; Type: CONSTRAINT; Schema: public; Owner: admin
--

ALTER TABLE ONLY public.outer_wall
    ADD CONSTRAINT outwukey UNIQUE (id, description, code);


--
-- TOC entry 3625 (class 2606 OID 75072)
-- Name: ownership_type ownt_ukey; Type: CONSTRAINT; Schema: public; Owner: admin
--

ALTER TABLE ONLY public.ownership_type
    ADD CONSTRAINT ownt_ukey UNIQUE (id);


--
-- TOC entry 3627 (class 2606 OID 74670)
-- Name: ownership_type owntukey; Type: CONSTRAINT; Schema: public; Owner: admin
--

ALTER TABLE ONLY public.ownership_type
    ADD CONSTRAINT owntukey UNIQUE (id, description, code);


--
-- TOC entry 3629 (class 2606 OID 74635)
-- Name: ownership_type owtpkey; Type: CONSTRAINT; Schema: public; Owner: admin
--

ALTER TABLE ONLY public.ownership_type
    ADD CONSTRAINT owtpkey PRIMARY KEY (id, description);


--
-- TOC entry 3721 (class 2606 OID 75607)
-- Name: household_roster_emigrated pkey10; Type: CONSTRAINT; Schema: public; Owner: admin
--

ALTER TABLE ONLY public.household_roster_emigrated
    ADD CONSTRAINT pkey10 PRIMARY KEY (id);


--
-- TOC entry 3804 (class 2606 OID 75910)
-- Name: subdistricts pkey1_2; Type: CONSTRAINT; Schema: public; Owner: admin
--

ALTER TABLE ONLY public.subdistricts
    ADD CONSTRAINT pkey1_2 PRIMARY KEY (id, districtid);


--
-- TOC entry 3551 (class 2606 OID 58151)
-- Name: localities pkey4; Type: CONSTRAINT; Schema: public; Owner: admin
--

ALTER TABLE ONLY public.localities
    ADD CONSTRAINT pkey4 PRIMARY KEY (id, "subdistrictID");


--
-- TOC entry 3555 (class 2606 OID 66282)
-- Name: relationship_codes pkey6; Type: CONSTRAINT; Schema: public; Owner: admin
--

ALTER TABLE ONLY public.relationship_codes
    ADD CONSTRAINT pkey6 PRIMARY KEY (id, description);


--
-- TOC entry 3563 (class 2606 OID 66314)
-- Name: household_roster_present pkey7; Type: CONSTRAINT; Schema: public; Owner: admin
--

ALTER TABLE ONLY public.household_roster_present
    ADD CONSTRAINT pkey7 PRIMARY KEY (id);


--
-- TOC entry 3719 (class 2606 OID 75531)
-- Name: household_roster_absent pkey8; Type: CONSTRAINT; Schema: public; Owner: admin
--

ALTER TABLE ONLY public.household_roster_absent
    ADD CONSTRAINT pkey8 PRIMARY KEY (id);


--
-- TOC entry 3567 (class 2606 OID 66342)
-- Name: activity_abroad_codes pkey9; Type: CONSTRAINT; Schema: public; Owner: admin
--

ALTER TABLE ONLY public.activity_abroad_codes
    ADD CONSTRAINT pkey9 PRIMARY KEY (id);


--
-- TOC entry 3711 (class 2606 OID 75230)
-- Name: questionnaire questio_ukey; Type: CONSTRAINT; Schema: public; Owner: admin
--

ALTER TABLE ONLY public.questionnaire
    ADD CONSTRAINT questio_ukey UNIQUE (id);


--
-- TOC entry 3713 (class 2606 OID 75106)
-- Name: questionnaire questionnaire_pkey; Type: CONSTRAINT; Schema: public; Owner: admin
--

ALTER TABLE ONLY public.questionnaire
    ADD CONSTRAINT questionnaire_pkey PRIMARY KEY (id);


--
-- TOC entry 3715 (class 2606 OID 75108)
-- Name: questionnaire questionnaireukey; Type: CONSTRAINT; Schema: public; Owner: admin
--

ALTER TABLE ONLY public.questionnaire
    ADD CONSTRAINT questionnaireukey UNIQUE (id, code, household_number);


--
-- TOC entry 3705 (class 2606 OID 74809)
-- Name: residence_type recidencet_ukey; Type: CONSTRAINT; Schema: public; Owner: admin
--

ALTER TABLE ONLY public.residence_type
    ADD CONSTRAINT recidencet_ukey UNIQUE (id, description, code);


--
-- TOC entry 3539 (class 2606 OID 66346)
-- Name: region_and_country_codes reg_ukey; Type: CONSTRAINT; Schema: public; Owner: admin
--

ALTER TABLE ONLY public.region_and_country_codes
    ADD CONSTRAINT reg_ukey UNIQUE (id);


--
-- TOC entry 3541 (class 2606 OID 74672)
-- Name: region_and_country_codes regcouukey; Type: CONSTRAINT; Schema: public; Owner: admin
--

ALTER TABLE ONLY public.region_and_country_codes
    ADD CONSTRAINT regcouukey UNIQUE (name, code);


--
-- TOC entry 3557 (class 2606 OID 74674)
-- Name: relationship_codes relcukey; Type: CONSTRAINT; Schema: public; Owner: admin
--

ALTER TABLE ONLY public.relationship_codes
    ADD CONSTRAINT relcukey UNIQUE (code);


--
-- TOC entry 3796 (class 2606 OID 75898)
-- Name: religion relegionukey3; Type: CONSTRAINT; Schema: public; Owner: admin
--

ALTER TABLE ONLY public.religion
    ADD CONSTRAINT relegionukey3 UNIQUE (code);


--
-- TOC entry 3798 (class 2606 OID 75896)
-- Name: religion religion_pkey; Type: CONSTRAINT; Schema: public; Owner: admin
--

ALTER TABLE ONLY public.religion
    ADD CONSTRAINT religion_pkey PRIMARY KEY (id);


--
-- TOC entry 3800 (class 2606 OID 75900)
-- Name: religion religion_ukey; Type: CONSTRAINT; Schema: public; Owner: admin
--

ALTER TABLE ONLY public.religion
    ADD CONSTRAINT religion_ukey UNIQUE (id) INCLUDE (id);


--
-- TOC entry 3802 (class 2606 OID 75902)
-- Name: religion religion_ukey2; Type: CONSTRAINT; Schema: public; Owner: admin
--

ALTER TABLE ONLY public.religion
    ADD CONSTRAINT religion_ukey2 UNIQUE (description);


--
-- TOC entry 3707 (class 2606 OID 75094)
-- Name: residence_type residence_ukey; Type: CONSTRAINT; Schema: public; Owner: admin
--

ALTER TABLE ONLY public.residence_type
    ADD CONSTRAINT residence_ukey UNIQUE (id);


--
-- TOC entry 3709 (class 2606 OID 74807)
-- Name: residence_type residencet_pkey; Type: CONSTRAINT; Schema: public; Owner: admin
--

ALTER TABLE ONLY public.residence_type
    ADD CONSTRAINT residencet_pkey PRIMARY KEY (id);


--
-- TOC entry 3601 (class 2606 OID 74603)
-- Name: roof roofpkey; Type: CONSTRAINT; Schema: public; Owner: admin
--

ALTER TABLE ONLY public.roof
    ADD CONSTRAINT roofpkey PRIMARY KEY (id, description);


--
-- TOC entry 3603 (class 2606 OID 74931)
-- Name: roof rooft_ukey; Type: CONSTRAINT; Schema: public; Owner: admin
--

ALTER TABLE ONLY public.roof
    ADD CONSTRAINT rooft_ukey UNIQUE (id);


--
-- TOC entry 3605 (class 2606 OID 74678)
-- Name: roof roofukey; Type: CONSTRAINT; Schema: public; Owner: admin
--

ALTER TABLE ONLY public.roof
    ADD CONSTRAINT roofukey UNIQUE (id, description, code);


--
-- TOC entry 3583 (class 2606 OID 74680)
-- Name: schooling_level schlevukey; Type: CONSTRAINT; Schema: public; Owner: admin
--

ALTER TABLE ONLY public.schooling_level
    ADD CONSTRAINT schlevukey UNIQUE (id, description, code);


--
-- TOC entry 3585 (class 2606 OID 75303)
-- Name: schooling_level schooling_ukey; Type: CONSTRAINT; Schema: public; Owner: admin
--

ALTER TABLE ONLY public.schooling_level
    ADD CONSTRAINT schooling_ukey UNIQUE (id);


--
-- TOC entry 3587 (class 2606 OID 74579)
-- Name: schooling_level slpkey; Type: CONSTRAINT; Schema: public; Owner: admin
--

ALTER TABLE ONLY public.schooling_level
    ADD CONSTRAINT slpkey PRIMARY KEY (id, description);


--
-- TOC entry 3679 (class 2606 OID 75090)
-- Name: solid_waste_disposal solidwadis_ukey; Type: CONSTRAINT; Schema: public; Owner: admin
--

ALTER TABLE ONLY public.solid_waste_disposal
    ADD CONSTRAINT solidwadis_ukey UNIQUE (id);


--
-- TOC entry 3681 (class 2606 OID 74752)
-- Name: solid_waste_disposal solwadispkey; Type: CONSTRAINT; Schema: public; Owner: admin
--

ALTER TABLE ONLY public.solid_waste_disposal
    ADD CONSTRAINT solwadispkey PRIMARY KEY (id, description);


--
-- TOC entry 3683 (class 2606 OID 74754)
-- Name: solid_waste_disposal solwadisukey; Type: CONSTRAINT; Schema: public; Owner: admin
--

ALTER TABLE ONLY public.solid_waste_disposal
    ADD CONSTRAINT solwadisukey UNIQUE (id, description, code);


--
-- TOC entry 3691 (class 2606 OID 74772)
-- Name: supervisor superpkey; Type: CONSTRAINT; Schema: public; Owner: admin
--

ALTER TABLE ONLY public.supervisor
    ADD CONSTRAINT superpkey PRIMARY KEY (id);


--
-- TOC entry 3693 (class 2606 OID 74774)
-- Name: supervisor superukey; Type: CONSTRAINT; Schema: public; Owner: admin
--

ALTER TABLE ONLY public.supervisor
    ADD CONSTRAINT superukey UNIQUE (id, name, phone);


--
-- TOC entry 3619 (class 2606 OID 74996)
-- Name: tenure tenure_ukey; Type: CONSTRAINT; Schema: public; Owner: admin
--

ALTER TABLE ONLY public.tenure
    ADD CONSTRAINT tenure_ukey UNIQUE (id);


--
-- TOC entry 3621 (class 2606 OID 74627)
-- Name: tenure tenurepkey; Type: CONSTRAINT; Schema: public; Owner: admin
--

ALTER TABLE ONLY public.tenure
    ADD CONSTRAINT tenurepkey PRIMARY KEY (id, description);


--
-- TOC entry 3623 (class 2606 OID 74682)
-- Name: tenure tenureukey; Type: CONSTRAINT; Schema: public; Owner: admin
--

ALTER TABLE ONLY public.tenure
    ADD CONSTRAINT tenureukey UNIQUE (id, description, code);


--
-- TOC entry 3661 (class 2606 OID 74722)
-- Name: toilet_facilities toifacpkey; Type: CONSTRAINT; Schema: public; Owner: admin
--

ALTER TABLE ONLY public.toilet_facilities
    ADD CONSTRAINT toifacpkey PRIMARY KEY (id, description);


--
-- TOC entry 3673 (class 2606 OID 74742)
-- Name: toilet_facilities_shared toifacshpkey; Type: CONSTRAINT; Schema: public; Owner: admin
--

ALTER TABLE ONLY public.toilet_facilities_shared
    ADD CONSTRAINT toifacshpkey PRIMARY KEY (id, description);


--
-- TOC entry 3675 (class 2606 OID 74744)
-- Name: toilet_facilities_shared toifacshukey; Type: CONSTRAINT; Schema: public; Owner: admin
--

ALTER TABLE ONLY public.toilet_facilities_shared
    ADD CONSTRAINT toifacshukey UNIQUE (id, description, code);


--
-- TOC entry 3663 (class 2606 OID 74724)
-- Name: toilet_facilities toifacukey; Type: CONSTRAINT; Schema: public; Owner: admin
--

ALTER TABLE ONLY public.toilet_facilities
    ADD CONSTRAINT toifacukey UNIQUE (id, description, code);


--
-- TOC entry 3665 (class 2606 OID 75086)
-- Name: toilet_facilities toiletfac_ukey; Type: CONSTRAINT; Schema: public; Owner: admin
--

ALTER TABLE ONLY public.toilet_facilities
    ADD CONSTRAINT toiletfac_ukey UNIQUE (id);


--
-- TOC entry 3677 (class 2606 OID 75088)
-- Name: toilet_facilities_shared toiletfacsha_ukey; Type: CONSTRAINT; Schema: public; Owner: admin
--

ALTER TABLE ONLY public.toilet_facilities_shared
    ADD CONSTRAINT toiletfacsha_ukey UNIQUE (id);


--
-- TOC entry 3545 (class 2606 OID 58109)
-- Name: district_types ukey1; Type: CONSTRAINT; Schema: public; Owner: admin
--

ALTER TABLE ONLY public.district_types
    ADD CONSTRAINT ukey1 UNIQUE (id);


--
-- TOC entry 3549 (class 2606 OID 58130)
-- Name: districts ukey1_2; Type: CONSTRAINT; Schema: public; Owner: admin
--

ALTER TABLE ONLY public.districts
    ADD CONSTRAINT ukey1_2 UNIQUE (id);


--
-- TOC entry 3806 (class 2606 OID 75912)
-- Name: subdistricts ukey3; Type: CONSTRAINT; Schema: public; Owner: admin
--

ALTER TABLE ONLY public.subdistricts
    ADD CONSTRAINT ukey3 UNIQUE (id);


--
-- TOC entry 3553 (class 2606 OID 58153)
-- Name: localities ukey4; Type: CONSTRAINT; Schema: public; Owner: admin
--

ALTER TABLE ONLY public.localities
    ADD CONSTRAINT ukey4 UNIQUE (id);


--
-- TOC entry 3559 (class 2606 OID 66284)
-- Name: relationship_codes ukey6; Type: CONSTRAINT; Schema: public; Owner: admin
--

ALTER TABLE ONLY public.relationship_codes
    ADD CONSTRAINT ukey6 UNIQUE (description);


--
-- TOC entry 3561 (class 2606 OID 66306)
-- Name: relationship_codes ukey7; Type: CONSTRAINT; Schema: public; Owner: admin
--

ALTER TABLE ONLY public.relationship_codes
    ADD CONSTRAINT ukey7 UNIQUE (id);


--
-- TOC entry 3569 (class 2606 OID 66344)
-- Name: activity_abroad_codes ukey9; Type: CONSTRAINT; Schema: public; Owner: admin
--

ALTER TABLE ONLY public.activity_abroad_codes
    ADD CONSTRAINT ukey9 UNIQUE (description) INCLUDE (id);


--
-- TOC entry 3808 (class 2606 OID 75925)
-- Name: user_activity_log user_activity_log_pkey; Type: CONSTRAINT; Schema: public; Owner: admin
--

ALTER TABLE ONLY public.user_activity_log
    ADD CONSTRAINT user_activity_log_pkey PRIMARY KEY (id);


--
-- TOC entry 3669 (class 2606 OID 74732)
-- Name: water_supply_domestic watersdopkey; Type: CONSTRAINT; Schema: public; Owner: admin
--

ALTER TABLE ONLY public.water_supply_domestic
    ADD CONSTRAINT watersdopkey PRIMARY KEY (id, description);


--
-- TOC entry 3639 (class 2606 OID 74651)
-- Name: water_supply_drinking waterspkey; Type: CONSTRAINT; Schema: public; Owner: admin
--

ALTER TABLE ONLY public.water_supply_drinking
    ADD CONSTRAINT waterspkey PRIMARY KEY (id, description);


--
-- TOC entry 3671 (class 2606 OID 74734)
-- Name: water_supply_domestic watsupdoukey; Type: CONSTRAINT; Schema: public; Owner: admin
--

ALTER TABLE ONLY public.water_supply_domestic
    ADD CONSTRAINT watsupdoukey UNIQUE (id, description, code);


--
-- TOC entry 3641 (class 2606 OID 74684)
-- Name: water_supply_drinking watsupukey; Type: CONSTRAINT; Schema: public; Owner: admin
--

ALTER TABLE ONLY public.water_supply_drinking
    ADD CONSTRAINT watsupukey UNIQUE (id, description, code);


--
-- TOC entry 3751 (class 1259 OID 75864)
-- Name: auth_group_name_a6ea08ec_like; Type: INDEX; Schema: public; Owner: admin
--

CREATE INDEX auth_group_name_a6ea08ec_like ON public.auth_group USING btree (name varchar_pattern_ops);


--
-- TOC entry 3756 (class 1259 OID 75805)
-- Name: auth_group_permissions_group_id_b120cbf9; Type: INDEX; Schema: public; Owner: admin
--

CREATE INDEX auth_group_permissions_group_id_b120cbf9 ON public.auth_group_permissions USING btree (group_id);


--
-- TOC entry 3759 (class 1259 OID 75806)
-- Name: auth_group_permissions_permission_id_84c5c92e; Type: INDEX; Schema: public; Owner: admin
--

CREATE INDEX auth_group_permissions_permission_id_84c5c92e ON public.auth_group_permissions USING btree (permission_id);


--
-- TOC entry 3746 (class 1259 OID 75791)
-- Name: auth_permission_content_type_id_2f476e4b; Type: INDEX; Schema: public; Owner: admin
--

CREATE INDEX auth_permission_content_type_id_2f476e4b ON public.auth_permission USING btree (content_type_id);


--
-- TOC entry 3767 (class 1259 OID 75821)
-- Name: auth_user_groups_group_id_97559544; Type: INDEX; Schema: public; Owner: admin
--

CREATE INDEX auth_user_groups_group_id_97559544 ON public.auth_user_groups USING btree (group_id);


--
-- TOC entry 3770 (class 1259 OID 75820)
-- Name: auth_user_groups_user_id_6a12ed8b; Type: INDEX; Schema: public; Owner: admin
--

CREATE INDEX auth_user_groups_user_id_6a12ed8b ON public.auth_user_groups USING btree (user_id);


--
-- TOC entry 3773 (class 1259 OID 75835)
-- Name: auth_user_user_permissions_permission_id_1fbb5f2c; Type: INDEX; Schema: public; Owner: admin
--

CREATE INDEX auth_user_user_permissions_permission_id_1fbb5f2c ON public.auth_user_user_permissions USING btree (permission_id);


--
-- TOC entry 3776 (class 1259 OID 75834)
-- Name: auth_user_user_permissions_user_id_a95ead1b; Type: INDEX; Schema: public; Owner: admin
--

CREATE INDEX auth_user_user_permissions_user_id_a95ead1b ON public.auth_user_user_permissions USING btree (user_id);


--
-- TOC entry 3764 (class 1259 OID 75859)
-- Name: auth_user_username_6821ab7c_like; Type: INDEX; Schema: public; Owner: admin
--

CREATE INDEX auth_user_username_6821ab7c_like ON public.auth_user USING btree (username varchar_pattern_ops);


--
-- TOC entry 3779 (class 1259 OID 75855)
-- Name: django_admin_log_content_type_id_c4bce8eb; Type: INDEX; Schema: public; Owner: admin
--

CREATE INDEX django_admin_log_content_type_id_c4bce8eb ON public.django_admin_log USING btree (content_type_id);


--
-- TOC entry 3782 (class 1259 OID 75856)
-- Name: django_admin_log_user_id_c564eba6; Type: INDEX; Schema: public; Owner: admin
--

CREATE INDEX django_admin_log_user_id_c564eba6 ON public.django_admin_log USING btree (user_id);


--
-- TOC entry 3783 (class 1259 OID 75873)
-- Name: django_session_expire_date_a5c62663; Type: INDEX; Schema: public; Owner: admin
--

CREATE INDEX django_session_expire_date_a5c62663 ON public.django_session USING btree (expire_date);


--
-- TOC entry 3786 (class 1259 OID 75872)
-- Name: django_session_session_key_c0390e0f_like; Type: INDEX; Schema: public; Owner: admin
--

CREATE INDEX django_session_session_key_c0390e0f_like ON public.django_session USING btree (session_key varchar_pattern_ops);


--
-- TOC entry 3825 (class 0 OID 0)
-- Name: enumerator_partition_1_pkey; Type: INDEX ATTACH; Schema: public; Owner: admin
--

ALTER INDEX public.enumerator_partitioned_pkey ATTACH PARTITION public.enumerator_partition_1_pkey;


--
-- TOC entry 3826 (class 0 OID 0)
-- Name: enumerator_partition_2_pkey; Type: INDEX ATTACH; Schema: public; Owner: admin
--

ALTER INDEX public.enumerator_partitioned_pkey ATTACH PARTITION public.enumerator_partition_2_pkey;


--
-- TOC entry 3827 (class 0 OID 0)
-- Name: enumerator_partition_3_pkey; Type: INDEX ATTACH; Schema: public; Owner: admin
--

ALTER INDEX public.enumerator_partitioned_pkey ATTACH PARTITION public.enumerator_partition_3_pkey;


--
-- TOC entry 3894 (class 2620 OID 75927)
-- Name: supervisor supervisor_activity_log; Type: TRIGGER; Schema: public; Owner: admin
--

CREATE TRIGGER supervisor_activity_log AFTER INSERT OR DELETE OR UPDATE ON public.supervisor FOR EACH ROW EXECUTE FUNCTION public.log_user_activity();


--
-- TOC entry 3885 (class 2606 OID 75800)
-- Name: auth_group_permissions auth_group_permissio_permission_id_84c5c92e_fk_auth_perm; Type: FK CONSTRAINT; Schema: public; Owner: admin
--

ALTER TABLE ONLY public.auth_group_permissions
    ADD CONSTRAINT auth_group_permissio_permission_id_84c5c92e_fk_auth_perm FOREIGN KEY (permission_id) REFERENCES public.auth_permission(id) DEFERRABLE INITIALLY DEFERRED;


--
-- TOC entry 3886 (class 2606 OID 75795)
-- Name: auth_group_permissions auth_group_permissions_group_id_b120cbf9_fk_auth_group_id; Type: FK CONSTRAINT; Schema: public; Owner: admin
--

ALTER TABLE ONLY public.auth_group_permissions
    ADD CONSTRAINT auth_group_permissions_group_id_b120cbf9_fk_auth_group_id FOREIGN KEY (group_id) REFERENCES public.auth_group(id) DEFERRABLE INITIALLY DEFERRED;


--
-- TOC entry 3884 (class 2606 OID 75786)
-- Name: auth_permission auth_permission_content_type_id_2f476e4b_fk_django_co; Type: FK CONSTRAINT; Schema: public; Owner: admin
--

ALTER TABLE ONLY public.auth_permission
    ADD CONSTRAINT auth_permission_content_type_id_2f476e4b_fk_django_co FOREIGN KEY (content_type_id) REFERENCES public.django_content_type(id) DEFERRABLE INITIALLY DEFERRED;


--
-- TOC entry 3887 (class 2606 OID 75815)
-- Name: auth_user_groups auth_user_groups_group_id_97559544_fk_auth_group_id; Type: FK CONSTRAINT; Schema: public; Owner: admin
--

ALTER TABLE ONLY public.auth_user_groups
    ADD CONSTRAINT auth_user_groups_group_id_97559544_fk_auth_group_id FOREIGN KEY (group_id) REFERENCES public.auth_group(id) DEFERRABLE INITIALLY DEFERRED;


--
-- TOC entry 3888 (class 2606 OID 75810)
-- Name: auth_user_groups auth_user_groups_user_id_6a12ed8b_fk_auth_user_id; Type: FK CONSTRAINT; Schema: public; Owner: admin
--

ALTER TABLE ONLY public.auth_user_groups
    ADD CONSTRAINT auth_user_groups_user_id_6a12ed8b_fk_auth_user_id FOREIGN KEY (user_id) REFERENCES public.auth_user(id) DEFERRABLE INITIALLY DEFERRED;


--
-- TOC entry 3889 (class 2606 OID 75829)
-- Name: auth_user_user_permissions auth_user_user_permi_permission_id_1fbb5f2c_fk_auth_perm; Type: FK CONSTRAINT; Schema: public; Owner: admin
--

ALTER TABLE ONLY public.auth_user_user_permissions
    ADD CONSTRAINT auth_user_user_permi_permission_id_1fbb5f2c_fk_auth_perm FOREIGN KEY (permission_id) REFERENCES public.auth_permission(id) DEFERRABLE INITIALLY DEFERRED;


--
-- TOC entry 3890 (class 2606 OID 75824)
-- Name: auth_user_user_permissions auth_user_user_permissions_user_id_a95ead1b_fk_auth_user_id; Type: FK CONSTRAINT; Schema: public; Owner: admin
--

ALTER TABLE ONLY public.auth_user_user_permissions
    ADD CONSTRAINT auth_user_user_permissions_user_id_a95ead1b_fk_auth_user_id FOREIGN KEY (user_id) REFERENCES public.auth_user(id) DEFERRABLE INITIALLY DEFERRED;


--
-- TOC entry 3891 (class 2606 OID 75845)
-- Name: django_admin_log django_admin_log_content_type_id_c4bce8eb_fk_django_co; Type: FK CONSTRAINT; Schema: public; Owner: admin
--

ALTER TABLE ONLY public.django_admin_log
    ADD CONSTRAINT django_admin_log_content_type_id_c4bce8eb_fk_django_co FOREIGN KEY (content_type_id) REFERENCES public.django_content_type(id) DEFERRABLE INITIALLY DEFERRED;


--
-- TOC entry 3892 (class 2606 OID 75850)
-- Name: django_admin_log django_admin_log_user_id_c564eba6_fk_auth_user_id; Type: FK CONSTRAINT; Schema: public; Owner: admin
--

ALTER TABLE ONLY public.django_admin_log
    ADD CONSTRAINT django_admin_log_user_id_c564eba6_fk_auth_user_id FOREIGN KEY (user_id) REFERENCES public.auth_user(id) DEFERRABLE INITIALLY DEFERRED;


--
-- TOC entry 3837 (class 2606 OID 74785)
-- Name: enumerator enum_fkey1; Type: FK CONSTRAINT; Schema: public; Owner: admin
--

ALTER TABLE ONLY public.enumerator
    ADD CONSTRAINT enum_fkey1 FOREIGN KEY (supervisor_id) REFERENCES public.supervisor(id);


--
-- TOC entry 3828 (class 2606 OID 58118)
-- Name: districts fkey1; Type: FK CONSTRAINT; Schema: public; Owner: admin
--

ALTER TABLE ONLY public.districts
    ADD CONSTRAINT fkey1 FOREIGN KEY (district_type_id) REFERENCES public.district_types(id);


--
-- TOC entry 3874 (class 2606 OID 75608)
-- Name: household_roster_emigrated fkey10; Type: FK CONSTRAINT; Schema: public; Owner: admin
--

ALTER TABLE ONLY public.household_roster_emigrated
    ADD CONSTRAINT fkey10 FOREIGN KEY (relationship_type) REFERENCES public.relationship_codes(id);


--
-- TOC entry 3875 (class 2606 OID 75613)
-- Name: household_roster_emigrated fkey11; Type: FK CONSTRAINT; Schema: public; Owner: admin
--

ALTER TABLE ONLY public.household_roster_emigrated
    ADD CONSTRAINT fkey11 FOREIGN KEY (destination) REFERENCES public.region_and_country_codes(id);


--
-- TOC entry 3876 (class 2606 OID 75618)
-- Name: household_roster_emigrated fkey12; Type: FK CONSTRAINT; Schema: public; Owner: admin
--

ALTER TABLE ONLY public.household_roster_emigrated
    ADD CONSTRAINT fkey12 FOREIGN KEY (activity_abroad) REFERENCES public.activity_abroad_codes(id);


--
-- TOC entry 3893 (class 2606 OID 75913)
-- Name: subdistricts fkey2; Type: FK CONSTRAINT; Schema: public; Owner: admin
--

ALTER TABLE ONLY public.subdistricts
    ADD CONSTRAINT fkey2 FOREIGN KEY (districtid) REFERENCES public.districts(id);


--
-- TOC entry 3829 (class 2606 OID 66315)
-- Name: household_roster_present fkey6; Type: FK CONSTRAINT; Schema: public; Owner: admin
--

ALTER TABLE ONLY public.household_roster_present
    ADD CONSTRAINT fkey6 FOREIGN KEY (relationship_type) REFERENCES public.relationship_codes(id);


--
-- TOC entry 3865 (class 2606 OID 75532)
-- Name: household_roster_absent fkey8; Type: FK CONSTRAINT; Schema: public; Owner: admin
--

ALTER TABLE ONLY public.household_roster_absent
    ADD CONSTRAINT fkey8 FOREIGN KEY (relationship_type) REFERENCES public.relationship_codes(id);


--
-- TOC entry 3866 (class 2606 OID 75537)
-- Name: household_roster_absent fkey9; Type: FK CONSTRAINT; Schema: public; Owner: admin
--

ALTER TABLE ONLY public.household_roster_absent
    ADD CONSTRAINT fkey9 FOREIGN KEY (destination) REFERENCES public.region_and_country_codes(id);


--
-- TOC entry 3867 (class 2606 OID 75542)
-- Name: household_roster_absent hhabsent_fkey; Type: FK CONSTRAINT; Schema: public; Owner: admin
--

ALTER TABLE ONLY public.household_roster_absent
    ADD CONSTRAINT hhabsent_fkey FOREIGN KEY (questionaire_id) REFERENCES public.questionnaire(id);


--
-- TOC entry 3868 (class 2606 OID 75557)
-- Name: household_roster_absent hhabsent_fkey4; Type: FK CONSTRAINT; Schema: public; Owner: admin
--

ALTER TABLE ONLY public.household_roster_absent
    ADD CONSTRAINT hhabsent_fkey4 FOREIGN KEY (birth_place_id) REFERENCES public.region_and_country_codes(id);


--
-- TOC entry 3869 (class 2606 OID 75567)
-- Name: household_roster_absent hhabsent_fkey6; Type: FK CONSTRAINT; Schema: public; Owner: admin
--

ALTER TABLE ONLY public.household_roster_absent
    ADD CONSTRAINT hhabsent_fkey6 FOREIGN KEY (marital_status_id) REFERENCES public.marital_status(id);


--
-- TOC entry 3870 (class 2606 OID 75572)
-- Name: household_roster_absent hhabsent_fkey7; Type: FK CONSTRAINT; Schema: public; Owner: admin
--

ALTER TABLE ONLY public.household_roster_absent
    ADD CONSTRAINT hhabsent_fkey7 FOREIGN KEY (language_literacy_id) REFERENCES public.language_literacy(id);


--
-- TOC entry 3871 (class 2606 OID 75577)
-- Name: household_roster_absent hhabsent_fkey8; Type: FK CONSTRAINT; Schema: public; Owner: admin
--

ALTER TABLE ONLY public.household_roster_absent
    ADD CONSTRAINT hhabsent_fkey8 FOREIGN KEY (schooling_level_id) REFERENCES public.schooling_level(id);


--
-- TOC entry 3872 (class 2606 OID 75582)
-- Name: household_roster_absent hhabsent_fkey9; Type: FK CONSTRAINT; Schema: public; Owner: admin
--

ALTER TABLE ONLY public.household_roster_absent
    ADD CONSTRAINT hhabsent_fkey9 FOREIGN KEY (employment_sector_id) REFERENCES public.employment_sector(id);


--
-- TOC entry 3877 (class 2606 OID 75623)
-- Name: household_roster_emigrated hhemigrated_fkey10; Type: FK CONSTRAINT; Schema: public; Owner: admin
--

ALTER TABLE ONLY public.household_roster_emigrated
    ADD CONSTRAINT hhemigrated_fkey10 FOREIGN KEY (employment_status_id) REFERENCES public.employment_status(id);


--
-- TOC entry 3878 (class 2606 OID 75638)
-- Name: household_roster_emigrated hhemigrated_fkey4; Type: FK CONSTRAINT; Schema: public; Owner: admin
--

ALTER TABLE ONLY public.household_roster_emigrated
    ADD CONSTRAINT hhemigrated_fkey4 FOREIGN KEY (birth_place_id) REFERENCES public.region_and_country_codes(id);


--
-- TOC entry 3879 (class 2606 OID 75648)
-- Name: household_roster_emigrated hhemigrated_fkey6; Type: FK CONSTRAINT; Schema: public; Owner: admin
--

ALTER TABLE ONLY public.household_roster_emigrated
    ADD CONSTRAINT hhemigrated_fkey6 FOREIGN KEY (marital_status_id) REFERENCES public.marital_status(id);


--
-- TOC entry 3880 (class 2606 OID 75653)
-- Name: household_roster_emigrated hhemigrated_fkey7; Type: FK CONSTRAINT; Schema: public; Owner: admin
--

ALTER TABLE ONLY public.household_roster_emigrated
    ADD CONSTRAINT hhemigrated_fkey7 FOREIGN KEY (language_literacy_id) REFERENCES public.language_literacy(id);


--
-- TOC entry 3881 (class 2606 OID 75658)
-- Name: household_roster_emigrated hhemigrated_fkey8; Type: FK CONSTRAINT; Schema: public; Owner: admin
--

ALTER TABLE ONLY public.household_roster_emigrated
    ADD CONSTRAINT hhemigrated_fkey8 FOREIGN KEY (schooling_level_id) REFERENCES public.schooling_level(id);


--
-- TOC entry 3882 (class 2606 OID 75663)
-- Name: household_roster_emigrated hhemigrated_fkey9; Type: FK CONSTRAINT; Schema: public; Owner: admin
--

ALTER TABLE ONLY public.household_roster_emigrated
    ADD CONSTRAINT hhemigrated_fkey9 FOREIGN KEY (employment_sector_id) REFERENCES public.employment_sector(id);


--
-- TOC entry 3883 (class 2606 OID 75668)
-- Name: household_roster_emigrated hhmigrated_fkey; Type: FK CONSTRAINT; Schema: public; Owner: admin
--

ALTER TABLE ONLY public.household_roster_emigrated
    ADD CONSTRAINT hhmigrated_fkey FOREIGN KEY (quesstionaire_id) REFERENCES public.questionnaire(id);


--
-- TOC entry 3830 (class 2606 OID 75231)
-- Name: household_roster_present hhpresent_fkey; Type: FK CONSTRAINT; Schema: public; Owner: admin
--

ALTER TABLE ONLY public.household_roster_present
    ADD CONSTRAINT hhpresent_fkey FOREIGN KEY (questionnaire_id) REFERENCES public.questionnaire(id) NOT VALID;


--
-- TOC entry 3831 (class 2606 OID 75348)
-- Name: household_roster_present hhpresent_fkey10; Type: FK CONSTRAINT; Schema: public; Owner: admin
--

ALTER TABLE ONLY public.household_roster_present
    ADD CONSTRAINT hhpresent_fkey10 FOREIGN KEY (employment_status_id) REFERENCES public.employment_status(id) NOT VALID;


--
-- TOC entry 3873 (class 2606 OID 75587)
-- Name: household_roster_absent hhpresent_fkey10; Type: FK CONSTRAINT; Schema: public; Owner: admin
--

ALTER TABLE ONLY public.household_roster_absent
    ADD CONSTRAINT hhpresent_fkey10 FOREIGN KEY (employment_status_id) REFERENCES public.employment_status(id);


--
-- TOC entry 3832 (class 2606 OID 75309)
-- Name: household_roster_present hhpresent_fkey4; Type: FK CONSTRAINT; Schema: public; Owner: admin
--

ALTER TABLE ONLY public.household_roster_present
    ADD CONSTRAINT hhpresent_fkey4 FOREIGN KEY (birth_place_id) REFERENCES public.region_and_country_codes(id) NOT VALID;


--
-- TOC entry 3833 (class 2606 OID 75319)
-- Name: household_roster_present hhpresent_fkey6; Type: FK CONSTRAINT; Schema: public; Owner: admin
--

ALTER TABLE ONLY public.household_roster_present
    ADD CONSTRAINT hhpresent_fkey6 FOREIGN KEY (marital_status_id) REFERENCES public.marital_status(id) NOT VALID;


--
-- TOC entry 3834 (class 2606 OID 75324)
-- Name: household_roster_present hhpresent_fkey7; Type: FK CONSTRAINT; Schema: public; Owner: admin
--

ALTER TABLE ONLY public.household_roster_present
    ADD CONSTRAINT hhpresent_fkey7 FOREIGN KEY (language_literacy_id) REFERENCES public.language_literacy(id) NOT VALID;


--
-- TOC entry 3835 (class 2606 OID 75329)
-- Name: household_roster_present hhpresent_fkey8; Type: FK CONSTRAINT; Schema: public; Owner: admin
--

ALTER TABLE ONLY public.household_roster_present
    ADD CONSTRAINT hhpresent_fkey8 FOREIGN KEY (schooling_level_id) REFERENCES public.schooling_level(id) NOT VALID;


--
-- TOC entry 3836 (class 2606 OID 75343)
-- Name: household_roster_present hhpresent_fkey9; Type: FK CONSTRAINT; Schema: public; Owner: admin
--

ALTER TABLE ONLY public.household_roster_present
    ADD CONSTRAINT hhpresent_fkey9 FOREIGN KEY (employment_sector_id) REFERENCES public.employment_sector(id) NOT VALID;


--
-- TOC entry 3864 (class 2606 OID 75506)
-- Name: mortality mortality_fkey1; Type: FK CONSTRAINT; Schema: public; Owner: admin
--

ALTER TABLE ONLY public.mortality
    ADD CONSTRAINT mortality_fkey1 FOREIGN KEY (questionaire_id) REFERENCES public.questionnaire(id);


--
-- TOC entry 3838 (class 2606 OID 75109)
-- Name: questionnaire quest_fkey1; Type: FK CONSTRAINT; Schema: public; Owner: admin
--

ALTER TABLE ONLY public.questionnaire
    ADD CONSTRAINT quest_fkey1 FOREIGN KEY (region_id) REFERENCES public.region_and_country_codes(id);


--
-- TOC entry 3839 (class 2606 OID 75154)
-- Name: questionnaire quest_fkey10; Type: FK CONSTRAINT; Schema: public; Owner: admin
--

ALTER TABLE ONLY public.questionnaire
    ADD CONSTRAINT quest_fkey10 FOREIGN KEY (outer_wall_type_id) REFERENCES public.outer_wall(id);


--
-- TOC entry 3840 (class 2606 OID 75159)
-- Name: questionnaire quest_fkey11; Type: FK CONSTRAINT; Schema: public; Owner: admin
--

ALTER TABLE ONLY public.questionnaire
    ADD CONSTRAINT quest_fkey11 FOREIGN KEY (floor_type_id) REFERENCES public.floor(id);


--
-- TOC entry 3841 (class 2606 OID 75164)
-- Name: questionnaire quest_fkey12; Type: FK CONSTRAINT; Schema: public; Owner: admin
--

ALTER TABLE ONLY public.questionnaire
    ADD CONSTRAINT quest_fkey12 FOREIGN KEY (tenure_type_id) REFERENCES public.tenure(id);


--
-- TOC entry 3842 (class 2606 OID 75169)
-- Name: questionnaire quest_fkey13; Type: FK CONSTRAINT; Schema: public; Owner: admin
--

ALTER TABLE ONLY public.questionnaire
    ADD CONSTRAINT quest_fkey13 FOREIGN KEY (ownership_type_id) REFERENCES public.ownership_type(id);


--
-- TOC entry 3843 (class 2606 OID 75174)
-- Name: questionnaire quest_fkey14; Type: FK CONSTRAINT; Schema: public; Owner: admin
--

ALTER TABLE ONLY public.questionnaire
    ADD CONSTRAINT quest_fkey14 FOREIGN KEY (lighting_type_id) REFERENCES public.lighting(id);


--
-- TOC entry 3844 (class 2606 OID 75179)
-- Name: questionnaire quest_fkey15; Type: FK CONSTRAINT; Schema: public; Owner: admin
--

ALTER TABLE ONLY public.questionnaire
    ADD CONSTRAINT quest_fkey15 FOREIGN KEY (drinking_water_id) REFERENCES public.water_supply_drinking(id);


--
-- TOC entry 3845 (class 2606 OID 75184)
-- Name: questionnaire quest_fkey16; Type: FK CONSTRAINT; Schema: public; Owner: admin
--

ALTER TABLE ONLY public.questionnaire
    ADD CONSTRAINT quest_fkey16 FOREIGN KEY (domestic_water_id) REFERENCES public.water_supply_domestic(id);


--
-- TOC entry 3846 (class 2606 OID 75189)
-- Name: questionnaire quest_fkey17; Type: FK CONSTRAINT; Schema: public; Owner: admin
--

ALTER TABLE ONLY public.questionnaire
    ADD CONSTRAINT quest_fkey17 FOREIGN KEY (cooking_fuel_id) REFERENCES public.cooking_fuel(id);


--
-- TOC entry 3847 (class 2606 OID 75194)
-- Name: questionnaire quest_fkey18; Type: FK CONSTRAINT; Schema: public; Owner: admin
--

ALTER TABLE ONLY public.questionnaire
    ADD CONSTRAINT quest_fkey18 FOREIGN KEY (cooking_space_id) REFERENCES public.cooking_space(id);


--
-- TOC entry 3848 (class 2606 OID 75199)
-- Name: questionnaire quest_fkey19; Type: FK CONSTRAINT; Schema: public; Owner: admin
--

ALTER TABLE ONLY public.questionnaire
    ADD CONSTRAINT quest_fkey19 FOREIGN KEY (bathing_facilities_id) REFERENCES public.bathing_facilities(id);


--
-- TOC entry 3849 (class 2606 OID 75114)
-- Name: questionnaire quest_fkey2; Type: FK CONSTRAINT; Schema: public; Owner: admin
--

ALTER TABLE ONLY public.questionnaire
    ADD CONSTRAINT quest_fkey2 FOREIGN KEY (region_id) REFERENCES public.region_and_country_codes(id);


--
-- TOC entry 3850 (class 2606 OID 75204)
-- Name: questionnaire quest_fkey20; Type: FK CONSTRAINT; Schema: public; Owner: admin
--

ALTER TABLE ONLY public.questionnaire
    ADD CONSTRAINT quest_fkey20 FOREIGN KEY (toilet_facilities_id) REFERENCES public.toilet_facilities(id);


--
-- TOC entry 3851 (class 2606 OID 75209)
-- Name: questionnaire quest_fkey21; Type: FK CONSTRAINT; Schema: public; Owner: admin
--

ALTER TABLE ONLY public.questionnaire
    ADD CONSTRAINT quest_fkey21 FOREIGN KEY (toilet_facilities_shared_id) REFERENCES public.toilet_facilities_shared(id);


--
-- TOC entry 3852 (class 2606 OID 75214)
-- Name: questionnaire quest_fkey22; Type: FK CONSTRAINT; Schema: public; Owner: admin
--

ALTER TABLE ONLY public.questionnaire
    ADD CONSTRAINT quest_fkey22 FOREIGN KEY (solid_waste_disposal_id) REFERENCES public.solid_waste_disposal(id);


--
-- TOC entry 3853 (class 2606 OID 75219)
-- Name: questionnaire quest_fkey23; Type: FK CONSTRAINT; Schema: public; Owner: admin
--

ALTER TABLE ONLY public.questionnaire
    ADD CONSTRAINT quest_fkey23 FOREIGN KEY (liquid_waste_disposal_id) REFERENCES public.liquid_waste_disposal(id);


--
-- TOC entry 3854 (class 2606 OID 75224)
-- Name: questionnaire quest_fkey24; Type: FK CONSTRAINT; Schema: public; Owner: admin
--

ALTER TABLE ONLY public.questionnaire
    ADD CONSTRAINT quest_fkey24 FOREIGN KEY (residence_type_id) REFERENCES public.residence_type(id);


--
-- TOC entry 3855 (class 2606 OID 75701)
-- Name: questionnaire quest_fkey25; Type: FK CONSTRAINT; Schema: public; Owner: admin
--

ALTER TABLE ONLY public.questionnaire
    ADD CONSTRAINT quest_fkey25 FOREIGN KEY (crop_type_id) REFERENCES public.crop_type(id) NOT VALID;


--
-- TOC entry 3856 (class 2606 OID 75718)
-- Name: questionnaire quest_fkey26; Type: FK CONSTRAINT; Schema: public; Owner: admin
--

ALTER TABLE ONLY public.questionnaire
    ADD CONSTRAINT quest_fkey26 FOREIGN KEY (farm_measurement_unit_id) REFERENCES public.farm_measurement_unit(id) NOT VALID;


--
-- TOC entry 3857 (class 2606 OID 75723)
-- Name: questionnaire quest_fkey27; Type: FK CONSTRAINT; Schema: public; Owner: admin
--

ALTER TABLE ONLY public.questionnaire
    ADD CONSTRAINT quest_fkey27 FOREIGN KEY (livestock_or_fish_id) REFERENCES public.livestock_or_fish(id) NOT VALID;


--
-- TOC entry 3858 (class 2606 OID 75119)
-- Name: questionnaire quest_fkey3; Type: FK CONSTRAINT; Schema: public; Owner: admin
--

ALTER TABLE ONLY public.questionnaire
    ADD CONSTRAINT quest_fkey3 FOREIGN KEY (district_type_id) REFERENCES public.district_types(id);


--
-- TOC entry 3859 (class 2606 OID 75124)
-- Name: questionnaire quest_fkey4; Type: FK CONSTRAINT; Schema: public; Owner: admin
--

ALTER TABLE ONLY public.questionnaire
    ADD CONSTRAINT quest_fkey4 FOREIGN KEY (district_id) REFERENCES public.districts(id);


--
-- TOC entry 3860 (class 2606 OID 75134)
-- Name: questionnaire quest_fkey6; Type: FK CONSTRAINT; Schema: public; Owner: admin
--

ALTER TABLE ONLY public.questionnaire
    ADD CONSTRAINT quest_fkey6 FOREIGN KEY (locality_id) REFERENCES public.localities(id);


--
-- TOC entry 3861 (class 2606 OID 75139)
-- Name: questionnaire quest_fkey7; Type: FK CONSTRAINT; Schema: public; Owner: admin
--

ALTER TABLE ONLY public.questionnaire
    ADD CONSTRAINT quest_fkey7 FOREIGN KEY (enumerator_id) REFERENCES public.enumerator(id);


--
-- TOC entry 3862 (class 2606 OID 75144)
-- Name: questionnaire quest_fkey8; Type: FK CONSTRAINT; Schema: public; Owner: admin
--

ALTER TABLE ONLY public.questionnaire
    ADD CONSTRAINT quest_fkey8 FOREIGN KEY (dwelling_type_id) REFERENCES public.dwelling_type(id);


--
-- TOC entry 3863 (class 2606 OID 75149)
-- Name: questionnaire quest_fkey9; Type: FK CONSTRAINT; Schema: public; Owner: admin
--

ALTER TABLE ONLY public.questionnaire
    ADD CONSTRAINT quest_fkey9 FOREIGN KEY (roof_type_id) REFERENCES public.roof(id);


-- Completed on 2025-01-23 10:28:10 GMT

--
-- PostgreSQL database dump complete
--

